Workbook

Sheet 工作表1
A3: 門市 | B3: 計數 - 機型 | F3: 列標籤 | G3: 計數 - 機型
A4: 一中 | B4: 4 | C4: =VLOOKUP(A:A,#REF!,2,0) -> #VALUE! | D4: =GETPIVOTDATA("機型",$A$3,"門市","一中")=C4 -> #VALUE! | F4: 一中 | G4: 4 | H4: =VLOOKUP(F:F,#REF!,2,0) -> #VALUE! | I4: =G4=H4 -> #VALUE!
A5: 七堵 | B5: 5 | C5: 5 | D5: =GETPIVOTDATA("機型",$A$3,"門市","七堵")=C5 -> 1 | F5: 七堵 | G5: 5 | H5: 5 | I5: =G5=H5 -> 1
A6: 二水 | B6: 4 | C6: =VLOOKUP(A:A,#REF!,2,0) -> #VALUE! | D6: =GETPIVOTDATA("機型",$A$3,"門市","七堵")=C6 -> #VALUE! | F6: 二水 | G6: 4 | H6: =VLOOKUP(F:F,#REF!,2,0) -> #VALUE! | I6: =G6=H6 -> #VALUE!
A7: 二林 | B7: 6 | C7: =VLOOKUP(A:A,#REF!,2,0) -> #VALUE! | D7: =GETPIVOTDATA("機型",$A$3,"門市","七堵")=C7 -> #VALUE! | F7: 二林 | G7: 6 | H7: =VLOOKUP(F:F,#REF!,2,0) -> #VALUE! | I7: =G7=H7 -> #VALUE!
A8: 二崙 | B8: 4 | C8: =VLOOKUP(A:A,#REF!,2,0) -> #VALUE! | D8: =GETPIVOTDATA("機型",$A$3,"門市","七堵")=C8 -> #VALUE! | F8: 二崙 | G8: 4 | H8: =VLOOKUP(F:F,#REF!,2,0) -> #VALUE! | I8: =G8=H8 -> #VALUE!
A9: 八里 | B9: 2 | C9: =VLOOKUP(A:A,#REF!,2,0) -> #VALUE! | D9: =GETPIVOTDATA("機型",$A$3,"門市","七堵")=C9 -> #VALUE! | F9: 八里 | G9: 2 | H9: =VLOOKUP(F:F,#REF!,2,0) -> #VALUE! | I9: =G9=H9 -> #VALUE!
A10: 八德 | B10: 1 | C10: =VLOOKUP(A:A,#REF!,2,0) -> #VALUE! | D10: =GETPIVOTDATA("機型",$A$3,"門市","七堵")=C10 -> #VALUE! | F10: 八德 | G10: 1 | H10: =VLOOKUP(F:F,#REF!,2,0) -> #VALUE! | I10: =G10=H10 -> #VALUE!
A11: 八德大湳 | B11: 5 | C11: =VLOOKUP(A:A,#REF!,2,0) -> #VALUE! | D11: =GETPIVOTDATA("機型",$A$3,"門市","七堵")=C11 -> #VALUE! | F11: 八德大湳 | G11: 5 | H11: =VLOOKUP(F:F,#REF!,2,0) -> #VALUE! | I11: =G11=H11 -> #VALUE!
A12: 力行 | B12: 2 | C12: =VLOOKUP(A:A,#REF!,2,0) -> #VALUE! | D12: =GETPIVOTDATA("機型",$A$3,"門市","七堵")=C12 -> #VALUE! | F12: 力行 | G12: 2 | H12: =VLOOKUP(F:F,#REF!,2,0) -> #VALUE! | I12: =G12=H12 -> #VALUE!
A13: 力行辦公室 | B13: 1 | C13: 1 | D13: =GETPIVOTDATA("機型",$A$3,"門市","七堵")=C13 -> 0 | F13: 力行辦公室 | G13: 1 | H13: 1 | I13: =G13=H13 -> 1
A14: 十甲 | B14: 4 | C14: =VLOOKUP(A:A,#REF!,2,0) -> #VALUE! | D14: =GETPIVOTDATA("機型",$A$3,"門市","七堵")=C14 -> #VALUE! | F14: 十甲 | G14: 4 | H14: =VLOOKUP(F:F,#REF!,2,0) -> #VALUE! | I14: =G14=H14 -> #VALUE!
A15: 十全 | B15: 1 | C15: =VLOOKUP(A:A,#REF!,2,0) -> #VALUE! | D15: =GETPIVOTDATA("機型",$A$3,"門市","七堵")=C15 -> #VALUE! | F15: 十全 | G15: 1 | H15: =VLOOKUP(F:F,#REF!,2,0) -> #VALUE! | I15: =G15=H15 -> #VALUE!
A16: 三多 | B16: 7 | C16: =VLOOKUP(A:A,#REF!,2,0) -> #VALUE! | D16: =GETPIVOTDATA("機型",$A$3,"門市","七堵")=C16 -> #VALUE! | F16: 三多 | G16: 7 | H16: =VLOOKUP(F:F,#REF!,2,0) -> #VALUE! | I16: =G16=H16 -> #VALUE!
A17: 三芝 | B17: 2 | C17: =VLOOKUP(A:A,#REF!,2,0) -> #VALUE! | D17: =GETPIVOTDATA("機型",$A$3,"門市","七堵")=C17 -> #VALUE! | F17: 三芝 | G17: 2 | H17: =VLOOKUP(F:F,#REF!,2,0) -> #VALUE! | I17: =G17=H17 -> #VALUE!
A18: 三星 | B18: 3 | C18: =VLOOKUP(A:A,#REF!,2,0) -> #VALUE! | D18: =GETPIVOTDATA("機型",$A$3,"門市","七堵")=C18 -> #VALUE! | F18: 三星 | G18: 3 | H18: =VLOOKUP(F:F,#REF!,2,0) -> #VALUE! | I18: =G18=H18 -> #VALUE!
A19: 三重 | B19: 21 | C19: =VLOOKUP(A:A,#REF!,2,0) -> #VALUE! | D19: =GETPIVOTDATA("機型",$A$3,"門市","七堵")=C19 -> #VALUE! | F19: 三重 | G19: 21 | H19: =VLOOKUP(F:F,#REF!,2,0) -> #VALUE! | I19: =G19=H19 -> #VALUE!
A20: 三重正義 | B20: 5 | C20: =VLOOKUP(A:A,#REF!,2,0) -> #VALUE! | D20: =GETPIVOTDATA("機型",$A$3,"門市","七堵")=C20 -> #VALUE! | F20: 三重正義 | G20: 5 | H20: =VLOOKUP(F:F,#REF!,2,0) -> #VALUE! | I20: =G20=H20 -> #VALUE!
A21: 三峽 | B21: 2 | C21: =VLOOKUP(A:A,#REF!,2,0) -> #VALUE! | D21: =GETPIVOTDATA("機型",$A$3,"門市","七堵")=C21 -> #VALUE! | F21: 三峽 | G21: 2 | H21: =VLOOKUP(F:F,#REF!,2,0) -> #VALUE! | I21: =G21=H21 -> #VALUE!
A22: 三峽復興 | B22: 3 | C22: =VLOOKUP(A:A,#REF!,2,0) -> #VALUE! | D22: =GETPIVOTDATA("機型",$A$3,"門市","七堵")=C22 -> #VALUE! | F22: 三峽復興 | G22: 3 | H22: =VLOOKUP(F:F,#REF!,2,0) -> #VALUE! | I22: =G22=H22 -> #VALUE!
A23: 三義 | B23: 2 | C23: =VLOOKUP(A:A,#REF!,2,0) -> #VALUE! | D23: =GETPIVOTDATA("機型",$A$3,"門市","七堵")=C23 -> #VALUE! | F23: 三義 | G23: 2 | H23: =VLOOKUP(F:F,#REF!,2,0) -> #VALUE! | I23: =G23=H23 -> #VALUE!
A24: 下營 | B24: 4 | C24: 4 | D24: =GETPIVOTDATA("機型",$A$3,"門市","七堵")=C24 -> 0 | F24: 下營 | G24: 4 | H24: 4 | I24: =G24=H24 -> 1
A25: 口湖 | B25: 1 | C25: 1 | D25: =GETPIVOTDATA("機型",$A$3,"門市","七堵")=C25 -> 0 | F25: 口湖 | G25: 1 | H25: 1 | I25: =G25=H25 -> 1
A26: 土城 | B26: 4 | C26: =VLOOKUP(A:A,#REF!,2,0) -> #VALUE! | D26: =GETPIVOTDATA("機型",$A$3,"門市","七堵")=C26 -> #VALUE! | F26: 土城 | G26: 4 | H26: =VLOOKUP(F:F,#REF!,2,0) -> #VALUE! | I26: =G26=H26 -> #VALUE!
A27: 土庫 | B27: 4 | C27: =VLOOKUP(A:A,#REF!,2,0) -> #VALUE! | D27: =GETPIVOTDATA("機型",$A$3,"門市","七堵")=C27 -> #VALUE! | F27: 土庫 | G27: 4 | H27: =VLOOKUP(F:F,#REF!,2,0) -> #VALUE! | I27: =G27=H27 -> #VALUE!
A28: 士林 | B28: 5 | C28: =VLOOKUP(A:A,#REF!,2,0) -> #VALUE! | D28: =GETPIVOTDATA("機型",$A$3,"門市","七堵")=C28 -> #VALUE! | F28: 士林 | G28: 5 | H28: =VLOOKUP(F:F,#REF!,2,0) -> #VALUE! | I28: =G28=H28 -> #VALUE!
A29: 士林夜市 | B29: 9 | C29: =VLOOKUP(A:A,#REF!,2,0) -> #VALUE! | D29: =GETPIVOTDATA("機型",$A$3,"門市","七堵")=C29 -> #VALUE! | F29: 士林夜市 | G29: 9 | H29: =VLOOKUP(F:F,#REF!,2,0) -> #VALUE! | I29: =G29=H29 -> #VALUE!
A30: 大甲 | B30: 6 | C30: =VLOOKUP(A:A,#REF!,2,0) -> #VALUE! | D30: =GETPIVOTDATA("機型",$A$3,"門市","七堵")=C30 -> #VALUE! | F30: 大甲 | G30: 6 | H30: =VLOOKUP(F:F,#REF!,2,0) -> #VALUE! | I30: =G30=H30 -> #VALUE!
A31: 大同 | B31: 7 | C31: =VLOOKUP(A:A,#REF!,2,0) -> #VALUE! | D31: =GETPIVOTDATA("機型",$A$3,"門市","七堵")=C31 -> #VALUE! | F31: 大同 | G31: 7 | H31: =VLOOKUP(F:F,#REF!,2,0) -> #VALUE! | I31: =G31=H31 -> #VALUE!
A32: 大安 | B32: 11 | C32: =VLOOKUP(A:A,#REF!,2,0) -> #VALUE! | D32: =GETPIVOTDATA("機型",$A$3,"門市","七堵")=C32 -> #VALUE! | F32: 大安 | G32: 11 | H32: =VLOOKUP(F:F,#REF!,2,0) -> #VALUE! | I32: =G32=H32 -> #VALUE!
A33: 大有 | B33: 4 | C33: =VLOOKUP(A:A,#REF!,2,0) -> #VALUE! | D33: =GETPIVOTDATA("機型",$A$3,"門市","七堵")=C33 -> #VALUE! | F33: 大有 | G33: 4 | H33: =VLOOKUP(F:F,#REF!,2,0) -> #VALUE! | I33: =G33=H33 -> #VALUE!
A34: 大竹 | B34: 4 | C34: =VLOOKUP(A:A,#REF!,2,0) -> #VALUE! | D34: =GETPIVOTDATA("機型",$A$3,"門市","七堵")=C34 -> #VALUE! | F34: 大竹 | G34: 4 | H34: =VLOOKUP(F:F,#REF!,2,0) -> #VALUE! | I34: =G34=H34 -> #VALUE!
A35: 大肚 | B35: 3 | C35: =VLOOKUP(A:A,#REF!,2,0) -> #VALUE! | D35: =GETPIVOTDATA("機型",$A$3,"門市","七堵")=C35 -> #VALUE! | F35: 大肚 | G35: 3 | H35: =VLOOKUP(F:F,#REF!,2,0) -> #VALUE! | I35: =G35=H35 -> #VALUE!
A36: 大里 | B36: 5 | C36: =VLOOKUP(A:A,#REF!,2,0) -> #VALUE! | D36: =GETPIVOTDATA("機型",$A$3,"門市","七堵")=C36 -> #VALUE! | F36: 大里 | G36: 5 | H36: =VLOOKUP(F:F,#REF!,2,0) -> #VALUE! | I36: =G36=H36 -> #VALUE!
A37: 大坪林 | B37: 6 | C37: =VLOOKUP(A:A,#REF!,2,0) -> #VALUE! | D37: =GETPIVOTDATA("機型",$A$3,"門市","七堵")=C37 -> #VALUE! | F37: 大坪林 | G37: 6 | H37: =VLOOKUP(F:F,#REF!,2,0) -> #VALUE! | I37: =G37=H37 -> #VALUE!
... A61: 中埔 | B61: 2 | C61: =VLOOKUP(A:A,#REF!,2,0) -> #VALUE! | D61: =GETPIVOTDATA("機型",$A$3,"門市","七堵")=C61 -> #VALUE! | F61: 中埔 | G61: 2 | H61: =VLOOKUP(F:F,#REF!,2,0) -> #VALUE! | I61: =G61=H61 -> #VALUE!
A62: 中興 | B62: 6 | C62: 6 | D62: =GETPIVOTDATA("機型",$A$3,"門市","七堵")=C62 -> 0 | F62: 中興 | G62: 6 | H62: 6 | I62: =G62=H62 -> 1
A63: 中壢 | B63: 19 | C63: =VLOOKUP(A:A,#REF!,2,0) -> #VALUE! | D63: =GETPIVOTDATA("機型",$A$3,"門市","七堵")=C63 -> #VALUE! | F63: 中壢 | G63: 19 | H63: =VLOOKUP(F:F,#REF!,2,0) -> #VALUE! | I63: =G63=H63 -> #VALUE!
A64: 五分埔 | B64: 4 | C64: =VLOOKUP(A:A,#REF!,2,0) -> #VALUE! | D64: =GETPIVOTDATA("機型",$A$3,"門市","七堵")=C64 -> #VALUE! | F64: 五分埔 | G64: 4 | H64: =VLOOKUP(F:F,#REF!,2,0) -> #VALUE! | I64: =G64=H64 -> #VALUE!
A65: 五甲 | B65: 2 | C65: =VLOOKUP(A:A,#REF!,2,0) -> #VALUE! | D65: =GETPIVOTDATA("機型",$A$3,"門市","七堵")=C65 -> #VALUE! | F65: 五甲 | G65: 2 | H65: =VLOOKUP(F:F,#REF!,2,0) -> #VALUE! | I65: =G65=H65 -> #VALUE!
A66: 五股 | B66: 3 | C66: =VLOOKUP(A:A,#REF!,2,0) -> #VALUE! | D66: =GETPIVOTDATA("機型",$A$3,"門市","七堵")=C66 -> #VALUE! | F66: 五股 | G66: 3 | H66: =VLOOKUP(F:F,#REF!,2,0) -> #VALUE! | I66: =G66=H66 -> #VALUE!
A67: 五福 | B67: 8 | C67: =VLOOKUP(A:A,#REF!,2,0) -> #VALUE! | D67: =GETPIVOTDATA("機型",$A$3,"門市","七堵")=C67 -> #VALUE! | F67: 五福 | G67: 8 | H67: =VLOOKUP(F:F,#REF!,2,0) -> #VALUE! | I67: =G67=H67 -> #VALUE!
A68: 仁和 | B68: 5 | C68: =VLOOKUP(A:A,#REF!,2,0) -> #VALUE! | D68: =GETPIVOTDATA("機型",$A$3,"門市","七堵")=C68 -> #VALUE! | F68: 仁和 | G68: 5 | H68: =VLOOKUP(F:F,#REF!,2,0) -> #VALUE! | I68: =G68=H68 -> #VALUE!
A69: 仁昌 | B69: 8 | C69: =VLOOKUP(A:A,#REF!,2,0) -> #VALUE! | D69: =GETPIVOTDATA("機型",$A$3,"門市","七堵")=C69 -> #VALUE! | F69: 仁昌 | G69: 8 | H69: =VLOOKUP(F:F,#REF!,2,0) -> #VALUE! | I69: =G69=H69 -> #VALUE!
A70: 仁武 | B70: 2 | C70: =VLOOKUP(A:A,#REF!,2,0) -> #VALUE! | D70: =GETPIVOTDATA("機型",$A$3,"門市","七堵")=C70 -> #VALUE! | F70: 仁武 | G70: 2 | H70: =VLOOKUP(F:F,#REF!,2,0) -> #VALUE! | I70: =G70=H70 -> #VALUE!
A71: 仁壽 | B71: 6 | C71: =VLOOKUP(A:A,#REF!,2,0) -> #VALUE! | D71: =GETPIVOTDATA("機型",$A$3,"門市","七堵")=C71 -> #VALUE! | F71: 仁壽 | G71: 6 | H71: =VLOOKUP(F:F,#REF!,2,0) -> #VALUE! | I71: =G71=H71 -> #VALUE!
A72: 仁德 | B72: 3 | C72: 3 | D72: =GETPIVOTDATA("機型",$A$3,"門市","七堵")=C72 -> 0 | F72: 仁德 | G72: 3 | H72: 3 | I72: =G72=H72 -> 1
A73: 元長 | B73: 3 | C73: =VLOOKUP(A:A,#REF!,2,0) -> #VALUE! | D73: =GETPIVOTDATA("機型",$A$3,"門市","七堵")=C73 -> #VALUE! | F73: 元長 | G73: 3 | H73: =VLOOKUP(F:F,#REF!,2,0) -> #VALUE! | I73: =G73=H73 -> #VALUE!
A74: 內埔 | B74: 1 | C74: =VLOOKUP(A:A,#REF!,2,0) -> #VALUE! | D74: =GETPIVOTDATA("機型",$A$3,"門市","七堵")=C74 -> #VALUE! | F74: 內埔 | G74: 1 | H74: =VLOOKUP(F:F,#REF!,2,0) -> #VALUE! | I74: =G74=H74 -> #VALUE!
A75: 內湖 | B75: 14 | C75: =VLOOKUP(A:A,#REF!,2,0) -> #VALUE! | D75: =GETPIVOTDATA("機型",$A$3,"門市","七堵")=C75 -> #VALUE! | F75: 內湖 | G75: 14 | H75: =VLOOKUP(F:F,#REF!,2,0) -> #VALUE! | I75: =G75=H75 -> #VALUE!
A76: 內湖成功 | B76: 4 | C76: =VLOOKUP(A:A,#REF!,2,0) -> #VALUE! | D76: =GETPIVOTDATA("機型",$A$3,"門市","七堵")=C76 -> #VALUE! | F76: 內湖成功 | G76: 4 | H76: =VLOOKUP(F:F,#REF!,2,0) -> #VALUE! | I76: =G76=H76 -> #VALUE!
A77: 內壢 | B77: 2 | C77: =VLOOKUP(A:A,#REF!,2,0) -> #VALUE! | D77: =GETPIVOTDATA("機型",$A$3,"門市","七堵")=C77 -> #VALUE! | F77: 內壢 | G77: 2 | H77: =VLOOKUP(F:F,#REF!,2,0) -> #VALUE! | I77: =G77=H77 -> #VALUE!
A78: 內壢忠孝 | B78: 5 | C78: =VLOOKUP(A:A,#REF!,2,0) -> #VALUE! | D78: =GETPIVOTDATA("機型",$A$3,"門市","七堵")=C78 -> #VALUE! | F78: 內壢忠孝 | G78: 5 | H78: =VLOOKUP(F:F,#REF!,2,0) -> #VALUE! | I78: =G78=H78 -> #VALUE!
A79: 六甲 | B79: 3 | C79: =VLOOKUP(A:A,#REF!,2,0) -> #VALUE! | D79: =GETPIVOTDATA("機型",$A$3,"門市","七堵")=C79 -> #VALUE! | F79: 六甲 | G79: 3 | H79: =VLOOKUP(F:F,#REF!,2,0) -> #VALUE! | I79: =G79=H79 -> #VALUE!
A80: 六家 | B80: 7 | C80: =VLOOKUP(A:A,#REF!,2,0) -> #VALUE! | D80: =GETPIVOTDATA("機型",$A$3,"門市","七堵")=C80 -> #VALUE! | F80: 六家 | G80: 7 | H80: =VLOOKUP(F:F,#REF!,2,0) -> #VALUE! | I80: =G80=H80 -> #VALUE!
A81: 六龜 | B81: 1 | C81: 1 | D81: =GETPIVOTDATA("機型",$A$3,"門市","七堵")=C81 -> 0 | F81: 六龜 | G81: 1 | H81: 1 | I81: =G81=H81 -> 1
A82: 天后 | B82: 5 | C82: =VLOOKUP(A:A,#REF!,2,0) -> #VALUE! | D82: =GETPIVOTDATA("機型",$A$3,"門市","七堵")=C82 -> #VALUE! | F82: 天后 | G82: 5 | H82: =VLOOKUP(F:F,#REF!,2,0) -> #VALUE! | I82: =G82=H82 -> #VALUE!
A83: 太平 | B83: 8 | C83: =VLOOKUP(A:A,#REF!,2,0) -> #VALUE! | D83: =GETPIVOTDATA("機型",$A$3,"門市","七堵")=C83 -> #VALUE! | F83: 太平 | G83: 8 | H83: =VLOOKUP(F:F,#REF!,2,0) -> #VALUE! | I83: =G83=H83 -> #VALUE!
A84: 太保 | B84: 2 | C84: =VLOOKUP(A:A,#REF!,2,0) -> #VALUE! | D84: =GETPIVOTDATA("機型",$A$3,"門市","七堵")=C84 -> #VALUE! | F84: 太保 | G84: 2 | H84: =VLOOKUP(F:F,#REF!,2,0) -> #VALUE! | I84: =G84=H84 -> #VALUE!
A85: 太麻里 | B85: 3 | C85: =VLOOKUP(A:A,#REF!,2,0) -> #VALUE! | D85: =GETPIVOTDATA("機型",$A$3,"門市","七堵")=C85 -> #VALUE! | F85: 太麻里 | G85: 3 | H85: =VLOOKUP(F:F,#REF!,2,0) -> #VALUE! | I85: =G85=H85 -> #VALUE!
A86: 文山 | B86: 10 | C86: =VLOOKUP(A:A,#REF!,2,0) -> #VALUE! | D86: =GETPIVOTDATA("機型",$A$3,"門市","七堵")=C86 -> #VALUE! | F86: 文山 | G86: 10 | H86: =VLOOKUP(F:F,#REF!,2,0) -> #VALUE! | I86: =G86=H86 -> #VALUE!
A87: 文心 | B87: 6 | C87: =VLOOKUP(A:A,#REF!,2,0) -> #VALUE! | D87: =GETPIVOTDATA("機型",$A$3,"門市","七堵")=C87 -> #VALUE! | F87: 文心 | G87: 6 | H87: =VLOOKUP(F:F,#REF!,2,0) -> #VALUE! | I87: =G87=H87 -> #VALUE!
A88: 文信 | B88: 11 | C88: =VLOOKUP(A:A,#REF!,2,0) -> #VALUE! | D88: =GETPIVOTDATA("機型",$A$3,"門市","七堵")=C88 -> #VALUE! | F88: 文信 | G88: 11 | H88: =VLOOKUP(F:F,#REF!,2,0) -> #VALUE! | I88: =G88=H88 -> #VALUE!
A89: 文賢 | B89: 7 | C89: =VLOOKUP(A:A,#REF!,2,0) -> #VALUE! | D89: =GETPIVOTDATA("機型",$A$3,"門市","七堵")=C89 -> #VALUE! | F89: 文賢 | G89: 7 | H89: =VLOOKUP(F:F,#REF!,2,0) -> #VALUE! | I89: =G89=H89 -> #VALUE!
A90: 斗六 | B90: 9 | C90: =VLOOKUP(A:A,#REF!,2,0) -> #VALUE! | D90: =GETPIVOTDATA("機型",$A$3,"門市","七堵")=C90 -> #VALUE! | F90: 斗六 | G90: 9 | H90: =VLOOKUP(F:F,#REF!,2,0) -> #VALUE! | I90: =G90=H90 -> #VALUE!
A91: 斗南 | B91: 6 | C91: =VLOOKUP(A:A,#REF!,2,0) -> #VALUE! | D91: =GETPIVOTDATA("機型",$A$3,"門市","七堵")=C91 -> #VALUE! | F91: 斗南 | G91: 6 | H91: =VLOOKUP(F:F,#REF!,2,0) -> #VALUE! | I91: =G91=H91 -> #VALUE!
A92: 日月潭 | B92: 1 | C92: =VLOOKUP(A:A,#REF!,2,0) -> #VALUE! | D92: =GETPIVOTDATA("機型",$A$3,"門市","七堵")=C92 -> #VALUE! | F92: 日月潭 | G92: 1 | H92: =VLOOKUP(F:F,#REF!,2,0) -> #VALUE! | I92: =G92=H92 -> #VALUE!
A93: 日南 | B93: 4 | C93: =VLOOKUP(A:A,#REF!,2,0) -> #VALUE! | D93: =GETPIVOTDATA("機型",$A$3,"門市","七堵")=C93 -> #VALUE! | F93: 日南 | G93: 4 | H93: =VLOOKUP(F:F,#REF!,2,0) -> #VALUE! | I93: =G93=H93 -> #VALUE!
... A131: 台北博愛 | B131: 2 | C131: =VLOOKUP(A:A,#REF!,2,0) -> #VALUE! | D131: =GETPIVOTDATA("機型",$A$3,"門市","七堵")=C131 -> #VALUE! | F131: 台北博愛 | G131: 2 | H131: =VLOOKUP(F:F,#REF!,2,0) -> #VALUE! | I131: =G131=H131 -> #VALUE!
A132: 台北敦北 | B132: 6 | C132: 6 | D132: =GETPIVOTDATA("機型",$A$3,"門市","七堵")=C132 -> 0 | F132: 台北敦北 | G132: 6 | H132: 6 | I132: =G132=H132 -> 1
A133: 台西 | B133: 1 | C133: 1 | D133: =GETPIVOTDATA("機型",$A$3,"門市","七堵")=C133 -> 0 | F133: 台西 | G133: 1 | H133: 1 | I133: =G133=H133 -> 1
A134: 台東 | B134: 16 | C134: =VLOOKUP(A:A,#REF!,2,0) -> #VALUE! | D134: =GETPIVOTDATA("機型",$A$3,"門市","七堵")=C134 -> #VALUE! | F134: 台東 | G134: 16 | H134: =VLOOKUP(F:F,#REF!,2,0) -> #VALUE! | I134: =G134=H134 -> #VALUE!
A135: 台東成功 | B135: 1 | C135: =VLOOKUP(A:A,#REF!,2,0) -> #VALUE! | D135: =GETPIVOTDATA("機型",$A$3,"門市","七堵")=C135 -> #VALUE! | F135: 台東成功 | G135: 1 | H135: =VLOOKUP(F:F,#REF!,2,0) -> #VALUE! | I135: =G135=H135 -> #VALUE!
A136: 台南 | B136: 2 | C136: 2 | D136: =GETPIVOTDATA("機型",$A$3,"門市","七堵")=C136 -> 0 | F136: 台南 | G136: 2 | H136: 2 | I136: =G136=H136 -> 1
A137: 台南中華 | B137: 5 | C137: =VLOOKUP(A:A,#REF!,2,0) -> #VALUE! | D137: =GETPIVOTDATA("機型",$A$3,"門市","七堵")=C137 -> #VALUE! | F137: 台南中華 | G137: 5 | H137: =VLOOKUP(F:F,#REF!,2,0) -> #VALUE! | I137: =G137=H137 -> #VALUE!
A138: 台南公園 | B138: 5 | C138: =VLOOKUP(A:A,#REF!,2,0) -> #VALUE! | D138: =GETPIVOTDATA("機型",$A$3,"門市","七堵")=C138 -> #VALUE! | F138: 台南公園 | G138: 5 | H138: =VLOOKUP(F:F,#REF!,2,0) -> #VALUE! | I138: =G138=H138 -> #VALUE!
A139: 台南成功 | B139: 10 | C139: =VLOOKUP(A:A,#REF!,2,0) -> #VALUE! | D139: =GETPIVOTDATA("機型",$A$3,"門市","七堵")=C139 -> #VALUE! | F139: 台南成功 | G139: 10 | H139: =VLOOKUP(F:F,#REF!,2,0) -> #VALUE! | I139: =G139=H139 -> #VALUE!
A140: 台南東門 | B140: 6 | C140: =VLOOKUP(A:A,#REF!,2,0) -> #VALUE! | D140: =GETPIVOTDATA("機型",$A$3,"門市","七堵")=C140 -> #VALUE! | F140: 台南東門 | G140: 7 | H140: =VLOOKUP(F:F,#REF!,2,0) -> #VALUE! | I140: =G140=H140 -> #VALUE!
A141: 右昌 | B141: 6 | C141: =VLOOKUP(A:A,#REF!,2,0) -> #VALUE! | D141: =GETPIVOTDATA("機型",$A$3,"門市","七堵")=C141 -> #VALUE! | F141: 右昌 | G141: 6 | H141: =VLOOKUP(F:F,#REF!,2,0) -> #VALUE! | I141: =G141=H141 -> #VALUE!
A142: 四湖 | B142: 2 | C142: =VLOOKUP(A:A,#REF!,2,0) -> #VALUE! | D142: =GETPIVOTDATA("機型",$A$3,"門市","七堵")=C142 -> #VALUE! | F142: 四湖 | G142: 2 | H142: =VLOOKUP(F:F,#REF!,2,0) -> #VALUE! | I142: =G142=H142 -> #VALUE!
A143: 左營 | B143: 1 | C143: =VLOOKUP(A:A,#REF!,2,0) -> #VALUE! | D143: =GETPIVOTDATA("機型",$A$3,"門市","七堵")=C143 -> #VALUE! | F143: 左營 | G143: 1 | H143: =VLOOKUP(F:F,#REF!,2,0) -> #VALUE! | I143: =G143=H143 -> #VALUE!
A144: 布袋 | B144: 2 | C144: =VLOOKUP(A:A,#REF!,2,0) -> #VALUE! | D144: =GETPIVOTDATA("機型",$A$3,"門市","七堵")=C144 -> #VALUE! | F144: 布袋 | G144: 2 | H144: =VLOOKUP(F:F,#REF!,2,0) -> #VALUE! | I144: =G144=H144 -> #VALUE!
A145: 平鎮 | B145: 10 | C145: =VLOOKUP(A:A,#REF!,2,0) -> #VALUE! | D145: =GETPIVOTDATA("機型",$A$3,"門市","七堵")=C145 -> #VALUE! | F145: 平鎮 | G145: 10 | H145: =VLOOKUP(F:F,#REF!,2,0) -> #VALUE! | I145: =G145=H145 -> #VALUE!
A146: 民雄 | B146: 2 | C146: =VLOOKUP(A:A,#REF!,2,0) -> #VALUE! | D146: =GETPIVOTDATA("機型",$A$3,"門市","七堵")=C146 -> #VALUE! | F146: 民雄 | G146: 2 | H146: =VLOOKUP(F:F,#REF!,2,0) -> #VALUE! | I146: =G146=H146 -> #VALUE!
A147: 民興 | B147: 4 | C147: =VLOOKUP(A:A,#REF!,2,0) -> #VALUE! | D147: =GETPIVOTDATA("機型",$A$3,"門市","七堵")=C147 -> #VALUE! | F147: 民興 | G147: 4 | H147: =VLOOKUP(F:F,#REF!,2,0) -> #VALUE! | I147: =G147=H147 -> #VALUE!
A148: 永安 | B148: 4 | C148: =VLOOKUP(A:A,#REF!,2,0) -> #VALUE! | D148: =GETPIVOTDATA("機型",$A$3,"門市","七堵")=C148 -> #VALUE! | F148: 永安 | G148: 4 | H148: =VLOOKUP(F:F,#REF!,2,0) -> #VALUE! | I148: =G148=H148 -> #VALUE!
... A150: 永和中正 | B150: 5 | C150: =VLOOKUP(A:A,#REF!,2,0) -> #VALUE! | D150: =GETPIVOTDATA("機型",$A$3,"門市","七堵")=C150 -> #VALUE! | F150: 永和中正 | G150: 5 | H150: =VLOOKUP(F:F,#REF!,2,0) -> #VALUE! | I150: =G150=H150 -> #VALUE!
A151: 永康 | B151: 6 | C151: 6 | D151: =GETPIVOTDATA("機型",$A$3,"門市","七堵")=C151 -> 0 | F151: 永康 | G151: 6 | H151: 6 | I151: =G151=H151 -> 1
A152: 永康中山 | B152: 4 | C152: =VLOOKUP(A:A,#REF!,2,0) -> #VALUE! | D152: =GETPIVOTDATA("機型",$A$3,"門市","七堵")=C152 -> #VALUE! | F152: 永康中山 | G152: 4 | H152: =VLOOKUP(F:F,#REF!,2,0) -> #VALUE! | I152: =G152=H152 -> #VALUE!
A153: 永靖 | B153: 4 | C153: =VLOOKUP(A:A,#REF!,2,0) -> #VALUE! | D153: =GETPIVOTDATA("機型",$A$3,"門市","七堵")=C153 -> #VALUE! | F153: 永靖 | G153: 4 | H153: =VLOOKUP(F:F,#REF!,2,0) -> #VALUE! | I153: =G153=H153 -> #VALUE!
A154: 永福 | B154: 5 | C154: 5 | D154: =GETPIVOTDATA("機型",$A$3,"門市","七堵")=C154 -> 1 | F154: 永福 | G154: 5 | H154: 5 | I154: =G154=H154 -> 1
A155: 永豐 | B155: 3 | C155: =VLOOKUP(A:A,#REF!,2,0) -> #VALUE! | D155: =GETPIVOTDATA("機型",$A$3,"門市","七堵")=C155 -> #VALUE! | F155: 永豐 | G155: 3 | H155: =VLOOKUP(F:F,#REF!,2,0) -> #VALUE! | I155: =G155=H155 -> #VALUE!
A156: 玉井 | B156: 4 | C156: =VLOOKUP(A:A,#REF!,2,0) -> #VALUE! | D156: =GETPIVOTDATA("機型",$A$3,"門市","七堵")=C156 -> #VALUE! | F156: 玉井 | G156: 4 | H156: =VLOOKUP(F:F,#REF!,2,0) -> #VALUE! | I156: =G156=H156 -> #VALUE!
A157: 玉里 | B157: 4 | C157: =VLOOKUP(A:A,#REF!,2,0) -> #VALUE! | D157: =GETPIVOTDATA("機型",$A$3,"門市","七堵")=C157 -> #VALUE! | F157: 玉里 | G157: 4 | H157: =VLOOKUP(F:F,#REF!,2,0) -> #VALUE! | I157: =G157=H157 -> #VALUE!
A158: 田中 | B158: 4 | C158: =VLOOKUP(A:A,#REF!,2,0) -> #VALUE! | D158: =GETPIVOTDATA("機型",$A$3,"門市","七堵")=C158 -> #VALUE! | F158: 田中 | G158: 4 | H158: =VLOOKUP(F:F,#REF!,2,0) -> #VALUE! | I158: =G158=H158 -> #VALUE!
A159: 白沙 | B159: 1 | C159: =VLOOKUP(A:A,#REF!,2,0) -> #VALUE! | D159: =GETPIVOTDATA("機型",$A$3,"門市","七堵")=C159 -> #VALUE! | F159: 白沙 | G159: 1 | H159: =VLOOKUP(F:F,#REF!,2,0) -> #VALUE! | I159: =G159=H159 -> #VALUE!
A160: 白河 | B160: 2 | C160: =VLOOKUP(A:A,#REF!,2,0) -> #VALUE! | D160: =GETPIVOTDATA("機型",$A$3,"門市","七堵")=C160 -> #VALUE! | F160: 白河 | G160: 2 | H160: =VLOOKUP(F:F,#REF!,2,0) -> #VALUE! | I160: =G160=H160 -> #VALUE!
A161: 石牌 | B161: 5 | C161: =VLOOKUP(A:A,#REF!,2,0) -> #VALUE! | D161: =GETPIVOTDATA("機型",$A$3,"門市","七堵")=C161 -> #VALUE! | F161: 石牌 | G161: 5 | H161: =VLOOKUP(F:F,#REF!,2,0) -> #VALUE! | I161: =G161=H161 -> #VALUE!
A162: 立法院 | B162: 1 | C162: =VLOOKUP(A:A,#REF!,2,0) -> #VALUE! | D162: =GETPIVOTDATA("機型",$A$3,"門市","七堵")=C162 -> #VALUE! | F162: 立法院 | G162: 1 | H162: =VLOOKUP(F:F,#REF!,2,0) -> #VALUE! | I162: =G162=H162 -> #VALUE!
A163: 光彩 | B163: 2 | C163: =VLOOKUP(A:A,#REF!,2,0) -> #VALUE! | D163: =GETPIVOTDATA("機型",$A$3,"門市","七堵")=C163 -> #VALUE! | F163: 光彩 | G163: 2 | H163: =VLOOKUP(F:F,#REF!,2,0) -> #VALUE! | I163: =G163=H163 -> #VALUE!
...

Sheet 門市請款明細表
A1: 項次 | B1: 門市 機器 數量 | C1: 機台 數量 | D1: 門市 編碼 | E1: 設備 編碼 | F1: 客編 | G1: 營運別 | H1: 部別 | I1: 門市 | J1: 機型 | K1: 機器序號 | L1: 安裝日期 | M1: 9月 總頁數 | N1: 10月 總頁數 | O1: 10月 列印量 | P1: 10月 列印量 扣除3%誤印率 | Q1: (單)門市列印量 扣除3%誤印率 | R1: 黑色單價 (含稅) | S1: 單台黑色 列印費用 | T1: (單)門市黑色 列印費用 | U1: 9月 總頁數 | V1: 10月 總頁數 | W1: 10月 列印量 | X1: 10月 列印量 扣除3%誤印率 | Y1: (單)門市列印量 扣除3%誤印率 | Z1: 彩色單價 (含稅) | AA1: 單台彩色 列印費用 | AB1: (單)門市彩色 列印費用 | AC1: 備註 | AD1: 10月
AD2: 覆蓋率 | AE2: 碳粉 啪數
A3: =ROW(A1) -> 1 | B3: 01 | C3: 1 | D3: 5 | E3: 5-01 | F3: 5497-02-1A1001 | G3: 營運一處 | H3: 台北一部 | I3: 台北東門 | J3: Apeos C325dw | K3: NC7003734 | L3: 45779 | M3: 236 | N3: 288 | O3: 52 | P3: 50 | R3: =合約與計費!$D$4 -> 0.296 | S3: =ROUND(P3*R3,0) -> 15 | U3: 845 | V3: 1084 | W3: 239 | X3: 232 | Z3: =合約與計費!$E$4 -> 2.8 | AA3: =ROUND(X3*Z3,0) -> 650
A4: =ROW(A2) -> 2 | B4: 02 | C4: 1 | E4: 5-02 | F4: 5497-02-1A1001 | G4: 營運一處 | H4: 台北一部 | I4: 台北東門 | J4: Apeos 4620SDF | K4: YB5000419 | L4: 45779 | M4: 1249 | N4: 1949 | O4: 700 | P4: 679 | R4: =合約與計費!$D$4 -> 0.296 | S4: =ROUND(P4*R4,0) -> 201 | AD4: 0.0548 | AE4: 0.2
A5: =ROW(A3) -> 3 | B5: 03 | C5: 1 | E5: 5-03 | F5: 5497-02-1A1001 | G5: 營運一處 | H5: 台北一部 | I5: 台北東門 | J5: Apeos 4620SDF | K5: YB5000424 | L5: 45779 | M5: 1788 | N5: 2031 | O5: 243 | P5: 236 | R5: =合約與計費!$D$4 -> 0.296 | S5: =ROUND(P5*R5,0) -> 70 | AD5: 0.0577 | AE5: 0.1
A6: =ROW(A4) -> 4 | B6: 04 | C6: 1 | E6: 5-04 | F6: 5497-02-1A1001 | G6: 營運一處 | H6: 台北一部 | I6: 台北東門 | J6: ApeosPrint 4620SDN | K6: YB7000734 | L6: 45779 | M6: 617 | N6: 1377 | O6: 760 | P6: 737 | R6: =合約與計費!$D$4 -> 0.296 | S6: =ROUND(P6*R6,0) -> 218 | AD6: 0.0804 | AE6: 0.1
A7: =ROW(A5) -> 5 | B7: 05 | C7: 1 | E7: 5-05 | F7: 5497-02-1A1001 | G7: 營運一處 | H7: 台北一部 | I7: 台北東門 | J7: ApeosPrint 4620SDN | K7: YB7000737 | L7: 45779 | M7: 9824 | N7: 11610 | O7: 1786 | P7: 1732 | R7: =合約與計費!$D$4 -> 0.296 | S7: =ROUND(P7*R7,0) -> 513 | AD7: 0.0793 | AE7: 0.1
A8: =ROW(A6) -> 6 | B8: 06 | C8: 1 | E8: 5-06 | F8: 5497-02-1A1001 | G8: 營運一處 | H8: 台北一部 | I8: 台北東門 | J8: ApeosPrint 4620SDN | K8: YB7000738 | L8: 45779 | M8: 5363 | N8: 6779 | O8: 1416 | P8: 1374 | R8: =合約與計費!$D$4 -> 0.296 | S8: =ROUND(P8*R8,0) -> 407 | AD8: 0.1144 | AE8: 0.5
A9: =ROW(A7) -> 7 | B9: 07 | C9: 1 | E9: 5-07 | F9: 5497-02-1A1001 | G9: 營運一處 | H9: 台北一部 | I9: 台北東門 | J9: ApeosPrint 4620SDN | K9: YB7000739 | L9: 45779 | M9: 4966 | N9: 6611 | O9: 1645 | P9: 1596 | R9: =合約與計費!$D$4 -> 0.296 | S9: =ROUND(P9*R9,0) -> 472 | AD9: 0.0955 | AE9: 0.6
A10: =ROW(A8) -> 8 | B10: 08 | C10: 1 | E10: 5-08 | F10: 5497-02-1A1001 | G10: 營運一處 | H10: 台北一部 | I10: 台北東門 | J10: ApeosPrint 4620SDN | K10: YB7000741 | L10: 45779 | M10: 282 | N10: 410 | O10: 128 | P10: 124 | R10: =合約與計費!$D$4 -> 0.296 | S10: =ROUND(P10*R10,0) -> 37 | AD10: 0.0976 | AE10: 0.8
A11: =ROW(A9) -> 9 | B11: 09 | C11: 1 | E11: 5-09 | F11: 5497-02-1A1001 | G11: 營運一處 | H11: 台北一部 | I11: 台北東門 | J11: ApeosPrint 4620SDN | K11: YB7000742 | L11: 45779 | M11: 3837 | N11: 5182 | O11: 1345 | P11: 1305 | R11: =合約與計費!$D$4 -> 0.296 | S11: =ROUND(P11*R11,0) -> 386 | AD11: 0.0873 | AE11: 0.1
A12: =ROW(A10) -> 10 | B12: 10 | C12: 1 | E12: 5-10 | F12: 5497-02-1A1001 | G12: 營運一處 | H12: 台北一部 | I12: 台北東門 | J12: ApeosPrint 4620SDN | K12: YB7000743 | L12: 45779 | M12: 4777 | N12: 5804 | O12: 1027 | P12: 996 | R12: =合約與計費!$D$4 -> 0.296 | S12: =ROUND(P12*R12,0) -> 295 | AD12: 0.101 | AE12: 0.9
A13: =ROW(A11) -> 11 | B13: 11 | C13: 1 | E13: 5-11 | F13: 5497-02-1A1001 | G13: 營運一處 | H13: 台北一部 | I13: 台北東門 | J13: ApeosPrint 4620SDN | K13: YB7000744 | L13: 45779 | M13: 12624 | N13: 16106 | O13: 3482 | P13: 3378 | R13: =合約與計費!$D$4 -> 0.296 | S13: =ROUND(P13*R13,0) -> 1000 | AD13: 0.0813 | AE13: 0.7
A14: =ROW(A12) -> 12 | B14: 12 | C14: 1 | E14: 5-12 | F14: 5497-02-1A1001 | G14: 營運一處 | H14: 台北一部 | I14: 台北東門 | J14: ApeosPrint 4620SDN | K14: YB7000745 | L14: 45779 | M14: 2214 | N14: 3318 | O14: 1104 | P14: 1071 | R14: =合約與計費!$D$4 -> 0.296 | S14: =ROUND(P14*R14,0) -> 317 | AD14: 0.0737 | AE14: 0.9
A15: =ROW(A13) -> 13 | B15: 13 | C15: 1 | E15: 5-13 | F15: 5497-02-1A1001 | G15: 營運一處 | H15: 台北一部 | I15: 台北東門 | J15: ApeosPrint 4620SDN | K15: YB7000746 | L15: 45779 | M15: 3868 | N15: 4739 | O15: 871 | P15: 845 | R15: =合約與計費!$D$4 -> 0.296 | S15: =ROUND(P15*R15,0) -> 250 | AD15: 0.0506 | AE15: 0.8
A16: =ROW(A14) -> 14 | B16: 14 | C16: 1 | E16: 5-14 | F16: 5497-02-1A1001 | G16: 營運一處 | H16: 台北一部 | I16: 台北東門 | J16: ApeosPrint 4620SDN | K16: YB7000747 | L16: 45779 | M16: 1503 | N16: 2161 | O16: 658 | P16: 638 | R16: =合約與計費!$D$4 -> 0.296 | S16: =ROUND(P16*R16,0) -> 189 | AD16: 0.0829 | AE16: 0.7
A17: =ROW(A15) -> 15 | B17: 15 | C17: 1 | E17: 5-15 | F17: 5497-02-1A1001 | G17: 營運一處 | H17: 台北一部 | I17: 台北東門 | J17: ApeosPrint 4620SDN | K17: YB7000748 | L17: 45779 | M17: 5562 | N17: 7374 | O17: 1812 | P17: 1758 | R17: =合約與計費!$D$4 -> 0.296 | S17: =ROUND(P17*R17,0) -> 520 | AD17: 0.1075 | AE17: 0.5
A18: =ROW(A16) -> 16 | B18: 16 | C18: 1 | E18: 5-16 | F18: 5497-02-1A1001 | G18: 營運一處 | H18: 台北一部 | I18: 台北東門 | J18: ApeosPrint 4620SDN | K18: YB7000756 | L18: 45779 | M18: 3570 | N18: 4738 | O18: 1168 | P18: 1133 | R18: =合約與計費!$D$4 -> 0.296 | S18: =ROUND(P18*R18,0) -> 335 | AD18: 0.2639 | AE18: 0.5
A19: =ROW(A17) -> 17 | B19: 17 | C19: 1 | E19: 5-17 | F19: 5497-02-1A1001 | G19: 營運一處 | H19: 台北一部 | I19: 台北東門 | J19: ApeosPrint 4620SDN | K19: YB7000770 | L19: 45779 | M19: 4672 | N19: 6424 | O19: 1752 | P19: 1699 | R19: =合約與計費!$D$4 -> 0.296 | S19: =ROUND(P19*R19,0) -> 503 | AD19: 0.0957 | AE19: 0.6
A20: =ROW(A18) -> 18 | B20: 18 | C20: 1 | E20: 5-18 | F20: 5497-02-1A1001 | G20: 營運一處 | H20: 台北一部 | I20: 台北東門 | J20: ApeosPrint 4620SDN | K20: YB7000778 | L20: 45779 | M20: 4826 | N20: 6276 | O20: 1450 | P20: 1407 | Q20: =ROUND(SUM(P3:P20),2) -> 20758 | R20: =合約與計費!$D$4 -> 0.296 | S20: =ROUND(P20*R20,0) -> 416 | T20: =ROUND(SUM(S3:S20),2) -> 6144 | Y20: =ROUND(SUM(X3:X20),2) -> 232 | AB20: =ROUND(SUM(AA3:AA20),2) -> 650 | AD20: 0.1138 | AE20: 0.5
A21: =ROW(A19) -> 19 | B21: 01 | C21: 1 | D21: 8 | E21: 8-01 | F21: 5497-02-1A1002 | G21: 營運一處 | H21: 台北一部 | I21: 台北公館 | J21: Apeos C325dw | K21: NC7003785 | L21: 45779 | M21: 561 | N21: 613 | O21: 52 | P21: 50 | R21: =合約與計費!$D$4 -> 0.296 | S21: =ROUND(P21*R21,0) -> 15 | U21: 284 | V21: 331 | W21: 47 | X21: 46 | Z21: =合約與計費!$E$4 -> 2.8 | AA21: =ROUND(X21*Z21,0) -> 129
A22: =ROW(A20) -> 20 | B22: 02 | C22: 1 | E22: 8-02 | F22: 5497-02-1A1002 | G22: 營運一處 | H22: 台北一部 | I22: 台北公館 | J22: Apeos 4620SDF | K22: YB5000422 | L22: 45779 | M22: 882 | N22: 1004 | O22: 122 | P22: 118 | R22: =合約與計費!$D$4 -> 0.296 | S22: =ROUND(P22*R22,0) -> 35 | AD22: 0.057 | AE22: 0.6
A23: =ROW(A21) -> 21 | B23: 03 | C23: 1 | E23: 8-03 | F23: 5497-02-1A1002 | G23: 營運一處 | H23: 台北一部 | I23: 台北公館 | J23: ApeosPrint 4620SDN | K23: YB7000845 | L23: 45779 | M23: 19207 | N23: 24079 | O23: 4872 | P23: 4726 | R23: =合約與計費!$D$4 -> 0.296 | S23: =ROUND(P23*R23,0) -> 1399 | AD23: 0.1005 | AE23: 0.8
A24: =ROW(A22) -> 22 | B24: 04 | C24: 1 | E24: 8-04 | F24: 5497-02-1A1002 | G24: 營運一處 | H24: 台北一部 | I24: 台北公館 | J24: ApeosPrint 4620SDN | K24: YB7000858 | L24: 45779 | M24: 7038 | N24: 9121 | O24: 2083 | P24: 2021 | R24: =合約與計費!$D$4 -> 0.296 | S24: =ROUND(P24*R24,0) -> 598 | AD24: 0.1093 | AE24: 0.5
A25: =ROW(A23) -> 23 | B25: 05 | C25: 1 | E25: 8-05 | F25: 5497-02-1A1002 | G25: 營運一處 | H25: 台北一部 | I25: 台北公館 | J25: ApeosPrint 4620SDN | K25: YB7000860 | L25: 45779 | M25: 17 | N25: 21 | O25: 4 | P25: 4 | R25: =合約與計費!$D$4 -> 0.296 | S25: =ROUND(P25*R25,0) -> 1 | AD25: 0.3293 | AE25: 0.8
A26: =ROW(A24) -> 24 | B26: 06 | C26: 1 | E26: 8-06 | F26: 5497-02-1A1002 | G26: 營運一處 | H26: 台北一部 | I26: 台北公館 | J26: ApeosPrint 4620SDN | K26: YB7000864 | L26: 45779 | M26: 6895 | N26: 8276 | O26: 1381 | P26: 1340 | R26: =合約與計費!$D$4 -> 0.296 | S26: =ROUND(P26*R26,0) -> 397 | AD26: 0.0645 | AE26: 0.5
A27: =ROW(A25) -> 25 | B27: 07 | C27: 1 | E27: 8-07 | F27: 5497-02-1A1002 | G27: 營運一處 | H27: 台北一部 | I27: 台北公館 | J27: ApeosPrint 4620SDN | K27: YB7000866 | L27: 45779 | M27: 14884 | N27: 17915 | O27: 3031 | P27: 2940 | Q27: =ROUND(SUM(P21:P27),2) -> 11199 | R27: =合約與計費!$D$4 -> 0.296 | S27: =ROUND(P27*R27,0) -> 870 | T27: =ROUND(SUM(S21:S27),2) -> 3315 | Y27: =ROUND(SUM(X21:X27),2) -> 46 | AB27: =ROUND(SUM(AA21:AA27),2) -> 129 | AD27: 0.1012 | AE27: 1
A28: =ROW(A26) -> 26 | B28: 01 | C28: 1 | D28: 9 | E28: 9-01 | F28: 5497-02-1A1003 | G28: 營運一處 | H28: 台北一部 | I28: 台北木新 | J28: Apeos C325dw | K28: NC7003560 | L28: 45744 | M28: 88 | N28: 261 | O28: 173 | P28: 168 | R28: =合約與計費!$D$4 -> 0.296 | S28: =ROUND(P28*R28,0) -> 50 | U28: 346 | V28: 415 | W28: 69 | X28: 67 | Z28: =合約與計費!$E$4 -> 2.8 | AA28: =ROUND(X28*Z28,0) -> 188
A29: =ROW(A27) -> 27 | B29: 02 | C29: 1 | E29: 9-02 | F29: 5497-02-1A1003 | G29: 營運一處 | H29: 台北一部 | I29: 台北木新 | J29: Apeos 4620SDF | K29: YB5000293 | L29: 45744 | M29: 1562 | N29: 1690 | O29: 128 | P29: 124 | R29: =合約與計費!$D$4 -> 0.296 | S29: =ROUND(P29*R29,0) -> 37 | AD29: 0.0671 | AE29: 0.1
A30: =ROW(A28) -> 28 | B30: 03 | C30: 1 | E30: 9-03 | F30: 5497-02-1A1003 | G30: 營運一處 | H30: 台北一部 | I30: 台北木新 | J30: HP 4003dn | K30: PHLKP01612 | L30: 45744 | M30: 1545 | N30: 1741 | O30: 196 | P30: 190 | R30: =合約與計費!$D$4 -> 0.296 | S30: =ROUND(P30*R30,0) -> 56
A31: =ROW(A29) -> 29 | B31: 04 | C31: 1 | E31: 9-04 | F31: 5497-02-1A1003 | G31: 營運一處 | H31: 台北一部 | I31: 台北木新 | J31: HP 4003dn | K31: PHLKP02866 | L31: 45744 | M31: 14354 | N31: 16473 | O31: 2119 | P31: 2055 | R31: =合約與計費!$D$4 -> 0.296 | S31: =ROUND(P31*R31,0) -> 608
A32: =ROW(A30) -> 30 | B32: 05 | C32: 1 | E32: 9-05 | F32: 5497-02-1A1003 | G32: 營運一處 | H32: 台北一部 | I32: 台北木新 | J32: HP 4003dn | K32: PHLKP02876 | L32: 45744 | M32: 16805 | N32: 19162 | O32: 2357 | P32: 2286 | Q32: =ROUND(SUM(P28:P32),2) -> 4823 | R32: =合約與計費!$D$4 -> 0.296 | S32: =ROUND(P32*R32,0) -> 677 | T32: =ROUND(SUM(S28:S32),2) -> 1428 | Y32: =ROUND(SUM(X28:X32),2) -> 67 | AB32: =ROUND(SUM(AA28:AA32),2) -> 188
A33: =ROW(A31) -> 31 | B33: 01 | C33: 1 | D33: 10 | E33: 10-01 | F33: 5497-02-1A1004 | G33: 營運一處 | H33: 台北一部 | I33: 台北師大 | J33: Apeos C325dw | K33: NC7003635 | L33: 45761 | M33: 1501 | N33: 1781 | O33: 280 | P33: 272 | R33: =合約與計費!$D$4 -> 0.296 | S33: =ROUND(P33*R33,0) -> 81 | U33: 542 | V33: 752 | W33: 210 | X33: 204 | Z33: =合約與計費!$E$4 -> 2.8 | AA33: =ROUND(X33*Z33,0) -> 571
A34: =ROW(A32) -> 32 | B34: 02 | C34: 1 | E34: 10-02 | F34: 5497-02-1A1004 | G34: 營運一處 | H34: 台北一部 | I34: 台北師大 | J34: Apeos 4620SDF | K34: YB5000330 | L34: 45761 | M34: 622 | N34: 750 | O34: 128 | P34: 124 | R34: =合約與計費!$D$4 -> 0.296 | S34: =ROUND(P34*R34,0) -> 37
A35: =ROW(A33) -> 33 | B35: 03 | C35: 1 | E35: 10-03 | F35: 5497-02-1A1004 | G35: 營運一處 | H35: 台北一部 | I35: 台北師大 | J35: HP 4003dn | K35: PHLKQ02073 | L35: 45761 | M35: 23975 | N35: 30501 | O35: 6526 | P35: 6330 | R35: =合約與計費!$D$4 -> 0.296 | S35: =ROUND(P35*R35,0) -> 1874
A36: =ROW(A34) -> 34 | B36: 04 | C36: 1 | E36: 10-04 | F36: 5497-02-1A1004 | G36: 營運一處 | H36: 台北一部 | I36: 台北師大 | J36: HP 4003dn | K36: PHLKQ02075 | L36: 45761 | M36: 24955 | N36: 30917 | O36: 5962 | P36: 5783 | R36: =合約與計費!$D$4 -> 0.296 | S36: =ROUND(P36*R36,0) -> 1712
A37: =ROW(A35) -> 35 | B37: 05 | C37: 1 | E37: 10-05 | F37: 5497-02-1A1004 | G37: 營運一處 | H37: 台北一部 | I37: 台北師大 | J37: HP 4003dn | K37: PHLKQ02078 | L37: 45761 | M37: 3871 | N37: 4941 | O37: 1070 | P37: 1038 | Q37: =ROUND(SUM(P33:P37),2) -> 13547 | R37: =合約與計費!$D$4 -> 0.296 | S37: =ROUND(P37*R37,0) -> 307 | T37: =ROUND(SUM(S33:S37),2) -> 4011 | Y37: =ROUND(SUM(X33:X37),2) -> 204 | AB37: =ROUND(SUM(AA33:AA37),2) -> 571
A38: =ROW(A36) -> 36 | B38: 01 | C38: 1 | D38: 11 | E38: 11-01 | F38: 5497-02-1A1005 | G38: 營運一處 | H38: 台北一部 | I38: 景文 | J38: Apeos C325dw | K38: NC7003517 | L38: 45744 | M38: 128 | N38: 155 | O38: 27 | P38: 26 | R38: =合約與計費!$D$4 -> 0.296 | S38: =ROUND(P38*R38,0) -> 8 | U38: 164 | V38: 196 | W38: 32 | X38: 31 | Z38: =合約與計費!$E$4 -> 2.8 | AA38: =ROUND(X38*Z38,0) -> 87
A39: =ROW(A37) -> 37 | B39: 02 | C39: 1 | E39: 11-02 | F39: 5497-02-1A1005 | G39: 營運一處 | H39: 台北一部 | I39: 景文 | J39: Apeos 4620SDF | K39: YB5000277 | L39: 45744 | M39: 470 | N39: 492 | O39: 22 | P39: 21 | R39: =合約與計費!$D$4 -> 0.296 | S39: =ROUND(P39*R39,0) -> 6 | AD39: 0.0692 | AE39: 0.8
A40: =ROW(A38) -> 38 | B40: 03 | C40: 1 | E40: 11-03 | F40: 5497-02-1A1005 | G40: 營運一處 | H40: 台北一部 | I40: 景文 | J40: HP 4003dn | K40: PHLKP01602 | L40: 45744 | M40: 1222 | N40: 1341 | O40: 119 | P40: 115 | R40: =合約與計費!$D$4 -> 0.296 | S40: =ROUND(P40*R40,0) -> 34
A41: =ROW(A39) -> 39 | B41: 04 | C41: 1 | E41: 11-04 | F41: 5497-02-1A1005 | G41: 營運一處 | H41: 台北一部 | I41: 景文 | J41: HP 4003dn | K41: PHLKP01603 | L41: 45744 | M41: 2596 | N41: 2987 | O41: 391 | P41: 379 | R41: =合約與計費!$D$4 -> 0.296 | S41: =ROUND(P41*R41,0) -> 112
A42: =ROW(A40) -> 40 | B42: 05 | C42: 1 | E42: 11-05 | F42: 5497-02-1A1005 | G42: 營運一處 | H42: 台北一部 | I42: 景文 | J42: HP 4003dn | K42: PHLKP01611 | L42: 45744 | M42: 10709 | N42: 12122 | O42: 1413 | P42: 1371 | R42: =合約與計費!$D$4 -> 0.296 | S42: =ROUND(P42*R42,0) -> 406
A43: =ROW(A41) -> 41 | B43: 06 | C43: 1 | E43: 11-06 | F43: 5497-02-1A1005 | G43: 營運一處 | H43: 台北一部 | I43: 景文 | J43: HP 4003dn | K43: PHLKP02872 | L43: 45744 | M43: 14900 | N43: 17269 | O43: 2369 | P43: 2298 | Q43: =ROUND(SUM(P38:P43),2) -> 4210 | R43: =合約與計費!$D$4 -> 0.296 | S43: =ROUND(P43*R43,0) -> 680 | T43: =ROUND(SUM(S38:S43),2) -> 1246 | Y43: =ROUND(SUM(X38:X43),2) -> 31 | AB43: =ROUND(SUM(AA38:AA43),2) -> 87
A44: =ROW(A42) -> 42 | B44: 01 | C44: 1 | D44: 14 | E44: 14-01 | F44: 5497-02-1A1006 | G44: 營運一處 | H44: 台北一部 | I44: 台北三創 | J44: Apeos C325dw | K44: NC7003365 | L44: 45741 | M44: 91 | N44: 110 | O44: 19 | P44: 18 | R44: =合約與計費!$D$4 -> 0.296 | S44: =ROUND(P44*R44,0) -> 5 | U44: 340 | V44: 399 | W44: 59 | X44: 57 | Z44: =合約與計費!$E$4 -> 2.8 | AA44: =ROUND(X44*Z44,0) -> 160
A45: =ROW(A43) -> 43 | B45: 02 | C45: 1 | E45: 14-02 | F45: 5497-02-1A1006 | G45: 營運一處 | H45: 台北一部 | I45: 台北三創 | J45: Apeos 4620SDF | K45: YB5000187 | L45: 45741 | M45: 1397 | N45: 1671 | O45: 274 | P45: 266 | R45: =合約與計費!$D$4 -> 0.296 | S45: =ROUND(P45*R45,0) -> 79 | AD45: 0.0595 | AE45: 0.2
A46: =ROW(A44) -> 44 | B46: 03 | C46: 1 | E46: 14-03 | F46: 5497-02-1A1006 | G46: 營運一處 | H46: 台北一部 | I46: 台北三創 | J46: ApeosPrint 4620SDN | K46: YB7000087 | L46: 45741 | M46: 22318 | N46: 26346 | O46: 4028 | P46: 3907 | R46: =合約與計費!$D$4 -> 0.296 | S46: =ROUND(P46*R46,0) -> 1156 | AD46: 0.1287 | AE46: 0.8
A47: =ROW(A45) -> 45 | B47: 04 | C47: 1 | E47: 14-04 | F47: 5497-02-1A1006 | G47: 營運一處 | H47: 台北一部 | I47: 台北三創 | J47: ApeosPrint 4620SDN | K47: YB7000104 | L47: 45741 | M47: 18814 | N47: 23178 | O47: 4364 | P47: 4233 | R47: =合約與計費!$D$4 -> 0.296 | S47: =ROUND(P47*R47,0) -> 1253 | AD47: 0.1275 | AE47: 0.3
A48: =ROW(A46) -> 46 | B48: 05 | C48: 1 | E48: 14-05 | F48: 5497-02-1A1006 | G48: 營運一處 | H48: 台北一部 | I48: 台北三創 | J48: ApeosPrint 4620SDN | K48: YB7000107 | L48: 45741 | M48: 9467 | N48: 12067 | O48: 2600 | P48: 2522 | R48: =合約與計費!$D$4 -> 0.296 | S48: =ROUND(P48*R48,0) -> 747 | AD48: 0.0774 | AE48: 0.1
A49: =ROW(A47) -> 47 | B49: 06 | C49: 1 | E49: 14-06 | F49: 5497-02-1A1006 | G49: 營運一處 | H49: 台北一部 | I49: 台北三創 | J49: ApeosPrint 4620SDN | K49: YB7000108 | L49: 45741 | M49: 11154 | N49: 13888 | O49: 2734 | P49: 2652 | R49: =合約與計費!$D$4 -> 0.296 | S49: =ROUND(P49*R49,0) -> 785 | AD49: 0.1467 | AE49: 0.3
A50: =ROW(A48) -> 48 | B50: 07 | C50: 1 | E50: 14-07 | F50: 5497-02-1A1006 | G50: 營運一處 | H50: 台北一部 | I50: 台北三創 | J50: ApeosPrint 4620SDN | K50: YB7000137 | L50: 45741 | M50: 3054 | N50: 3675 | O50: 621 | P50: 602 | Q50: =ROUND(SUM(P44:P50),2) -> 14200 | R50: =合約與計費!$D$4 -> 0.296 | S50: =ROUND(P50*R50,0) -> 178 | T50: =ROUND(SUM(S44:S50),2) -> 4203 | Y50: =ROUND(SUM(X44:X50),2) -> 57 | AB50: =ROUND(SUM(AA44:AA50),2) -> 160 | AD50: 0.0651 | AE50: 0.8
A51: =ROW(A49) -> 49 | B51: 01 | C51: 1 | D51: 16 | E51: 16-01 | F51: 5497-02-1A1007 | G51: 營運一處 | H51: 台北一部 | I51: 台北南區 | J51: Apeos C325dw | K51: NC7003346 | L51: 45730 | M51: 831 | N51: 1140 | O51: 309 | P51: 300 | R51: =合約與計費!$D$4 -> 0.296 | S51: =ROUND(P51*R51,0) -> 89 | U51: 919 | V51: 1054 | W51: 135 | X51: 131 | Z51: =合約與計費!$E$4 -> 2.8 | AA51: =ROUND(X51*Z51,0) -> 367
A52: =ROW(A50) -> 50 | B52: 02 | C52: 1 | E52: 16-02 | F52: 5497-02-1A1007 | G52: 營運一處 | H52: 台北一部 | I52: 台北南區 | J52: Apeos 4620SDF | K52: YB5000193 | L52: 45730 | M52: 867 | N52: 1152 | O52: 285 | P52: 276 | R52: =合約與計費!$D$4 -> 0.296 | S52: =ROUND(P52*R52,0) -> 82 | AD52: 0.0638 | AE52: 0.5
A53: =ROW(A51) -> 51 | B53: 03 | C53: 1 | E53: 16-03 | F53: 5497-02-1A1007 | G53: 營運一處 | H53: 台北一部 | I53: 台北南區 | J53: ApeosPrint 4620SDN | K53: YB7000017 | L53: 45730 | M53: 561 | N53: 777 | O53: 216 | P53: 210 | R53: =合約與計費!$D$4 -> 0.296 | S53: =ROUND(P53*R53,0) -> 62 | AD53: 0.0885 | AE53: 1
A54: =ROW(A52) -> 52 | B54: 04 | C54: 1 | E54: 16-04 | F54: 5497-02-1A1007 | G54: 營運一處 | H54: 台北一部 | I54: 台北南區 | J54: ApeosPrint 4620SDN | K54: YB7000023 | L54: 45730 | M54: 36 | N54: 40 | O54: 4 | P54: 4 | R54: =合約與計費!$D$4 -> 0.296 | S54: =ROUND(P54*R54,0) -> 1 | AD54: 0.0298 | AE54: 1
A55: =ROW(A53) -> 53 | B55: 05 | C55: 1 | E55: 16-05 | F55: 5497-02-1A1007 | G55: 營運一處 | H55: 台北一部 | I55: 台北南區 | J55: ApeosPrint 4620SDN | K55: YB7000033 | L55: 45730 | M55: 25 | N55: 29 | O55: 4 | P55: 4 | R55: =合約與計費!$D$4 -> 0.296 | S55: =ROUND(P55*R55,0) -> 1 | AD55: 0.0328 | AE55: 1
A56: =ROW(A54) -> 54 | B56: 06 | C56: 1 | E56: 16-06 | F56: 5497-02-1A1007 | G56: 營運一處 | H56: 台北一部 | I56: 台北南區 | J56: ApeosPrint 4620SDN | K56: YB7000067 | L56: 45730 | M56: 734 | N56: 846 | O56: 112 | P56: 109 | R56: =合約與計費!$D$4 -> 0.296 | S56: =ROUND(P56*R56,0) -> 32 | AD56: 0.025 | AE56: 0.7
A57: =ROW(A55) -> 55 | B57: 07 | C57: 1 | E57: 16-07 | F57: 5497-02-1A1007 | G57: 營運一處 | H57: 台北一部 | I57: 台北南區 | J57: ApeosPrint 4620SDN | K57: YB7000098 | L57: 45730 | M57: 7836 | N57: 9182 | O57: 1346 | P57: 1306 | R57: =合約與計費!$D$4 -> 0.296 | S57: =ROUND(P57*R57,0) -> 387 | AD57: 0.0965 | AE57: 0.1
A58: =ROW(A56) -> 56 | B58: 08 | C58: 1 | E58: 16-08 | F58: 5497-02-1A1007 | G58: 營運一處 | H58: 台北一部 | I58: 台北南區 | J58: ApeosPrint 4620SDN | K58: YB7000105 | L58: 45730 | M58: 5332 | N58: 6654 | O58: 1322 | P58: 1282 | R58: =合約與計費!$D$4 -> 0.296 | S58: =ROUND(P58*R58,0) -> 379 | AD58: 0.0523 | AE58: 0.8
A59: =ROW(A57) -> 57 | B59: 09 | C59: 1 | E59: 16-09 | F59: 5497-02-1A1007 | G59: 營運一處 | H59: 台北一部 | I59: 台北南區 | J59: ApeosPrint 4620SDN | K59: YB7000106 | L59: 45730 | M59: 9630 | N59: 11174 | O59: 1544 | P59: 1498 | R59: =合約與計費!$D$4 -> 0.296 | S59: =ROUND(P59*R59,0) -> 443 | AD59: 0.1659 | AE59: 0.9
A60: =ROW(A58) -> 58 | B60: 10 | C60: 1 | E60: 16-10 | F60: 5497-02-1A1007 | G60: 營運一處 | H60: 台北一部 | I60: 台北南區 | J60: ApeosPrint 4620SDN | K60: YB7000109 | L60: 45730 | M60: 25 | N60: 29 | O60: 4 | P60: 4 | R60: =合約與計費!$D$4 -> 0.296 | S60: =ROUND(P60*R60,0) -> 1 | AD60: 0.0379 | AE60: 1
A61: =ROW(A59) -> 59 | B61: 11 | C61: 1 | E61: 16-11 | F61: 5497-02-1A1007 | G61: 營運一處 | H61: 台北一部 | I61: 台北南區 | J61: ApeosPrint 4620SDN | K61: YB7000111 | L61: 45730 | M61: 9851 | N61: 11531 | O61: 1680 | P61: 1630 | R61: =合約與計費!$D$4 -> 0.296 | S61: =ROUND(P61*R61,0) -> 482 | AD61: 0.1022 | AE61: 1
A62: =ROW(A60) -> 60 | B62: 12 | C62: 1 | E62: 16-12 | F62: 5497-02-1A1007 | G62: 營運一處 | H62: 台北一部 | I62: 台北南區 | J62: ApeosPrint 4620SDN | K62: YB7000114 | L62: 45730 | M62: 2578 | N62: 3286 | O62: 708 | P62: 687 | R62: =合約與計費!$D$4 -> 0.296 | S62: =ROUND(P62*R62,0) -> 203 | AD62: 0.0828 | AE62: 0.7
A63: =ROW(A61) -> 61 | B63: 13 | C63: 1 | E63: 16-13 | F63: 5497-02-1A1007 | G63: 營運一處 | H63: 台北一部 | I63: 台北南區 | J63: ApeosPrint 4620SDN | K63: YB7000116 | L63: 45730 | M63: 2763 | N63: 3141 | O63: 378 | P63: 367 | R63: =合約與計費!$D$4 -> 0.296 | S63: =ROUND(P63*R63,0) -> 109 | AD63: 0.0667 | AE63: 0.3
A64: =ROW(A62) -> 62 | B64: 14 | C64: 1 | E64: 16-14 | F64: 5497-02-1A1007 | G64: 營運一處 | H64: 台北一部 | I64: 台北南區 | J64: ApeosPrint 4620SDN | K64: YB7000117 | L64: 45730 | M64: 5801 | N64: 7235 | O64: 1434 | P64: 1391 | R64: =合約與計費!$D$4 -> 0.296 | S64: =ROUND(P64*R64,0) -> 412 | AD64: 0.0866 | AE64: 0.4
A65: =ROW(A63) -> 63 | B65: 15 | C65: 1 | E65: 16-15 | F65: 5497-02-1A1007 | G65: 營運一處 | H65: 台北一部 | I65: 台北南區 | J65: ApeosPrint 4620SDN | K65: YB7000118 | L65: 45730 | M65: 53 | N65: 57 | O65: 4 | P65: 4 | R65: =合約與計費!$D$4 -> 0.296 | S65: =ROUND(P65*R65,0) -> 1 | AD65: 0.0452 | AE65: 1
A66: =ROW(A64) -> 64 | B66: 16 | C66: 1 | E66: 16-16 | F66: 5497-02-1A1007 | G66: 營運一處 | H66: 台北一部 | I66: 台北南區 | J66: ApeosPrint 4620SDN | K66: YB7000121 | L66: 45730 | M66: 10703 | N66: 12752 | O66: 2049 | P66: 1988 | R66: =合約與計費!$D$4 -> 0.296 | S66: =ROUND(P66*R66,0) -> 588 | AD66: 0.0988 | AE66: 0.7
A67: =ROW(A65) -> 65 | B67: 17 | C67: 1 | E67: 16-17 | F67: 5497-02-1A1007 | G67: 營運一處 | H67: 台北一部 | I67: 台北南區 | J67: ApeosPrint 4620SDN | K67: YB7000143 | L67: 45730 | M67: 7533 | N67: 9082 | O67: 1549 | P67: 1503 | R67: =合約與計費!$D$4 -> 0.296 | S67: =ROUND(P67*R67,0) -> 445 | AD67: 0.1936 | AE67: 0.8
A68: =ROW(A66) -> 66 | B68: 18 | C68: 1 | E68: 16-18 | F68: 5497-02-1A1007 | G68: 營運一處 | H68: 台北一部 | I68: 台北南區 | J68: ApeosPrint 4620SDN | K68: YB7000144 | L68: 45730 | M68: 3915 | N68: 4630 | O68: 715 | P68: 694 | Q68: =ROUND(SUM(P51:P68),2) -> 13257 | R68: =合約與計費!$D$4 -> 0.296 | S68: =ROUND(P68*R68,0) -> 205 | T68: =ROUND(SUM(S51:S68),2) -> 3922 | Y68: =ROUND(SUM(X51:X68),2) -> 131 | AB68: =ROUND(SUM(AA51:AA68),2) -> 367 | AD68: 0.0762 | AE68: 0.8
A69: =ROW(A67) -> 67 | B69: 01 | C69: 1 | D69: 294 | E69: 294-01 | F69: 5497-02-1A1008 | G69: 營運一處 | H69: 台北一部 | I69: 木柵 | J69: Apeos C325dw | K69: NC7003540 | L69: 45744 | M69: 93 | N69: 121 | O69: 28 | P69: 27 | R69: =合約與計費!$D$4 -> 0.296 | S69: =ROUND(P69*R69,0) -> 8 | U69: 598 | V69: 675 | W69: 77 | X69: 75 | Z69: =合約與計費!$E$4 -> 2.8 | AA69: =ROUND(X69*Z69,0) -> 210
A70: =ROW(A68) -> 68 | B70: 02 | C70: 1 | E70: 294-02 | F70: 5497-02-1A1008 | G70: 營運一處 | H70: 台北一部 | I70: 木柵 | J70: Apeos 4620SDF | K70: YB5000288 | L70: 45744 | M70: 4487 | N70: 5242 | O70: 755 | P70: 732 | R70: =合約與計費!$D$4 -> 0.296 | S70: =ROUND(P70*R70,0) -> 217 | AD70: 0.0708 | AE70: 0.7
A71: =ROW(A69) -> 69 | B71: 03 | C71: 1 | E71: 294-03 | F71: 5497-02-1A1008 | G71: 營運一處 | H71: 台北一部 | I71: 木柵 | J71: HP 4003dn | K71: PHLKP02802 | L71: 45744 | M71: 3260 | N71: 3720 | O71: 460 | P71: 446 | Q71: =ROUND(SUM(P69:P71),2) -> 1205 | R71: =合約與計費!$D$4 -> 0.296 | S71: =ROUND(P71*R71,0) -> 132 | T71: =ROUND(SUM(S69:S71),2) -> 357 | Y71: =ROUND(SUM(X69:X71),2) -> 75 | AB71: =ROUND(SUM(AA69:AA71),2) -> 210
A72: =ROW(A70) -> 70 | B72: 01 | C72: 1 | D72: 307 | E72: 307-01 | F72: 5497-02-1A1009 | G72: 營運一處 | H72: 台北一部 | I72: 景美 | J72: Apeos C325dw | K72: NC7003519 | L72: 45744 | M72: 39 | N72: 126 | O72: 87 | P72: 84 | R72: =合約與計費!$D$4 -> 0.296 | S72: =ROUND(P72*R72,0) -> 25 | U72: 371 | V72: 450 | W72: 79 | X72: 77 | Z72: =合約與計費!$E$4 -> 2.8 | AA72: =ROUND(X72*Z72,0) -> 216 | AC72: 整修無抄表
A73: =ROW(A71) -> 71 | B73: 02 | C73: 1 | E73: 307-02 | F73: 5497-02-1A1009 | G73: 營運一處 | H73: 台北一部 | I73: 景美 | J73: Apeos 4620SDF | K73: YB5000285 | L73: 45744 | M73: 1670 | N73: 2054 | O73: 384 | P73: 372 | R73: =合約與計費!$D$4 -> 0.296 | S73: =ROUND(P73*R73,0) -> 110 | AD73: 0.0605 | AE73: 0.1
A74: =ROW(A72) -> 72 | B74: 03 | C74: 1 | E74: 307-03 | F74: 5497-02-1A1009 | G74: 營運一處 | H74: 台北一部 | I74: 景美 | J74: HP 4003dn | K74: PHLKP01605 | L74: 45744 | M74: 3122 | N74: 4433 | O74: 1311 | P74: 1272 | R74: =合約與計費!$D$4 -> 0.296 | S74: =ROUND(P74*R74,0) -> 377
A75: =ROW(A73) -> 73 | B75: 04 | C75: 1 | E75: 307-04 | F75: 5497-02-1A1009 | G75: 營運一處 | H75: 台北一部 | I75: 景美 | J75: HP 4003dn | K75: PHLKP01606 | L75: 45744 | M75: 5541 | N75: 5773 | O75: 232 | P75: 225 | R75: =合約與計費!$D$4 -> 0.296 | S75: =ROUND(P75*R75,0) -> 67
A76: =ROW(A74) -> 74 | B76: 05 | C76: 1 | E76: 307-05 | F76: 5497-02-1A1009 | G76: 營運一處 | H76: 台北一部 | I76: 景美 | J76: HP 4003dn | K76: PHLKP01607 | L76: 45744 | M76: 2835 | N76: 3161 | O76: 326 | P76: 316 | R76: =合約與計費!$D$4 -> 0.296 | S76: =ROUND(P76*R76,0) -> 94
A77: =ROW(A75) -> 75 | B77: 06 | C77: 1 | E77: 307-06 | F77: 5497-02-1A1009 | G77: 營運一處 | H77: 台北一部 | I77: 景美 | J77: HP 4003dn | K77: PHLKP02874 | L77: 45744 | M77: 3589 | N77: 4984 | O77: 1395 | P77: 1353 | Q77: =ROUND(SUM(P72:P77),2) -> 3622 | R77: =合約與計費!$D$4 -> 0.296 | S77: =ROUND(P77*R77,0) -> 400 | T77: =ROUND(SUM(S72:S77),2) -> 1073 | Y77: =ROUND(SUM(X72:X77),2) -> 77 | AB77: =ROUND(SUM(AA72:AA77),2) -> 216
A78: =ROW(A76) -> 76 | B78: 01 | C78: 1 | D78: 308 | E78: 308-01 | F78: 5497-02-1A1010 | G78: 營運一處 | H78: 台北一部 | I78: 深坑 | J78: Apeos C325dw | K78: NC7003727 | L78: 45782 | M78: 14 | N78: 24 | O78: 10 | P78: 10 | R78: =合約與計費!$D$4 -> 0.296 | S78: =ROUND(P78*R78,0) -> 3 | U78: 27 | V78: 32 | W78: 5 | X78: 5 | Z78: =合約與計費!$E$4 -> 2.8 | AA78: =ROUND(X78*Z78,0) -> 14
A79: =ROW(A77) -> 77 | B79: 02 | C79: 1 | E79: 308-02 | F79: 5497-02-1A1010 | G79: 營運一處 | H79: 台北一部 | I79: 深坑 | J79: Apeos 4620SDF | K79: YB5000378 | L79: 45782 | M79: 1085 | N79: 1296 | O79: 211 | P79: 205 | R79: =合約與計費!$D$4 -> 0.296 | S79: =ROUND(P79*R79,0) -> 61 | AD79: 0.0762 | AE79: 0.2
A80: =ROW(A78) -> 78 | B80: 03 | C80: 1 | E80: 308-03 | F80: 5497-02-1A1010 | G80: 營運一處 | H80: 台北一部 | I80: 深坑 | J80: ApeosPrint 4620SDN | K80: YB7000841 | L80: 45782 | M80: 6739 | N80: 7890 | O80: 1151 | P80: 1116 | R80: =合約與計費!$D$4 -> 0.296 | S80: =ROUND(P80*R80,0) -> 330 | AD80: 0.11 | AE80: 0.1
A81: =ROW(A79) -> 79 | B81: 04 | C81: 1 | E81: 308-04 | F81: 5497-02-1A1010 | G81: 營運一處 | H81: 台北一部 | I81: 深坑 | J81: ApeosPrint 4620SDN | K81: YB7000847 | L81: 45782 | M81: 4370 | N81: 5242 | O81: 872 | P81: 846 | R81: =合約與計費!$D$4 -> 0.296 | S81: =ROUND(P81*R81,0) -> 250 | AD81: 0.0803 | AE81: 0.7
A82: =ROW(A80) -> 80 | B82: 05 | C82: 1 | E82: 308-05 | F82: 5497-02-1A1010 | G82: 營運一處 | H82: 台北一部 | I82: 深坑 | J82: ApeosPrint 4620SDN | K82: YB7000851 | L82: 45782 | M82: 1185 | N82: 1402 | O82: 217 | P82: 210 | Q82: =ROUND(SUM(P78:P82),2) -> 2387 | R82: =合約與計費!$D$4 -> 0.296 | S82: =ROUND(P82*R82,0) -> 62 | T82: =ROUND(SUM(S78:S82),2) -> 706 | Y82: =ROUND(SUM(X78:X82),2) -> 5 | AB82: =ROUND(SUM(AA78:AA82),2) -> 14 | AD82: 0.0465 | AE82: 0.6
A83: =ROW(A81) -> 81 | B83: 01 | C83: 1 | D83: 7 | E83: 7-01 | F83: 5497-02-1A2001 | G83: 營運一處 | H83: 台北二部 | I83: 大坪林 | J83: Apeos C325dw | K83: NC7003544 | L83: 45754 | M83: 1681 | N83: 2281 | O83: 600 | P83: 582 | R83: =合約與計費!$D$4 -> 0.296 | S83: =ROUND(P83*R83,0) -> 172 | U83: 127 | V83: 204 | W83: 77 | X83: 75 | Z83: =合約與計費!$E$4 -> 2.8 | AA83: =ROUND(X83*Z83,0) -> 210
A84: =ROW(A82) -> 82 | B84: 02 | C84: 1 | E84: 7-02 | F84: 5497-02-1A2001 | G84: 營運一處 | H84: 台北二部 | I84: 大坪林 | J84: Apeos 4620SDF | K84: YB5000341 | L84: 45754 | M84: 3217 | N84: 4005 | O84: 788 | P84: 764 | R84: =合約與計費!$D$4 -> 0.296 | S84: =ROUND(P84*R84,0) -> 226 | AD84: 0.0648 | AE84: 0.9
A85: =ROW(A83) -> 83 | B85: 03 | C85: 1 | E85: 7-03 | F85: 5497-02-1A2001 | G85: 營運一處 | H85: 台北二部 | I85: 大坪林 | J85: ApeosPrint 4620SDN | K85: YB7000463 | L85: 45754 | M85: 10838 | N85: 12644 | O85: 1806 | P85: 1752 | R85: =合約與計費!$D$4 -> 0.296 | S85: =ROUND(P85*R85,0) -> 519 | AD85: 0.188 | AE85: 0.5
A86: =ROW(A84) -> 84 | B86: 04 | C86: 1 | E86: 7-04 | F86: 5497-02-1A2001 | G86: 營運一處 | H86: 台北二部 | I86: 大坪林 | J86: ApeosPrint 4620SDN | K86: YB7000470 | L86: 45754 | M86: 17186 | N86: 19538 | O86: 2352 | P86: 2281 | R86: =合約與計費!$D$4 -> 0.296 | S86: =ROUND(P86*R86,0) -> 675 | AD86: 0.0974 | AE86: 0.2
A87: =ROW(A85) -> 85 | B87: 05 | C87: 1 | E87: 7-05 | F87: 5497-02-1A2001 | G87: 營運一處 | H87: 台北二部 | I87: 大坪林 | J87: ApeosPrint 4620SDN | K87: YB7000483 | L87: 45754 | M87: 3282 | N87: 3752 | O87: 470 | P87: 456 | R87: =合約與計費!$D$4 -> 0.296 | S87: =ROUND(P87*R87,0) -> 135 | AD87: 0.2411 | AE87: 0.6
A88: =ROW(A86) -> 86 | B88: 06 | C88: 1 | E88: 7-06 | F88: 5497-02-1A2001 | G88: 營運一處 | H88: 台北二部 | I88: 大坪林 | J88: ApeosPrint 4620SDN | K88: YB7000537 | L88: 45754 | M88: 10416 | N88: 12386 | O88: 1970 | P88: 1911 | Q88: =ROUND(SUM(P83:P88),2) -> 7746 | R88: =合約與計費!$D$4 -> 0.296 | S88: =ROUND(P88*R88,0) -> 566 | T88: =ROUND(SUM(S83:S88),2) -> 2293 | Y88: =ROUND(SUM(X83:X88),2) -> 75 | AB88: =ROUND(SUM(AA83:AA88),2) -> 210 | AD88: 0.1051 | AE88: 0.6
A89: =ROW(A87) -> 87 | B89: 01 | C89: 1 | D89: 12 | E89: 12-01 | F89: 5497-02-1A2002 | G89: 營運一處 | H89: 台北二部 | I89: 新店 | J89: Apeos C325dw | K89: NC7003653 | L89: 45770 | M89: 1083 | N89: 1159 | O89: 76 | P89: 74 | R89: =合約與計費!$D$4 -> 0.296 | S89: =ROUND(P89*R89,0) -> 22 | U89: 650 | V89: 912 | W89: 262 | X89: 254 | Z89: =合約與計費!$E$4 -> 2.8 | AA89: =ROUND(X89*Z89,0) -> 711
A90: =ROW(A88) -> 88 | B90: 02 | C90: 1 | E90: 12-02 | F90: 5497-02-1A2002 | G90: 營運一處 | H90: 台北二部 | I90: 新店 | J90: Apeos 4620SDF | K90: YB5000213 | L90: 45770 | M90: 3047 | N90: 4949 | O90: 1902 | P90: 1845 | R90: =合約與計費!$D$4 -> 0.296 | S90: =ROUND(P90*R90,0) -> 546 | AD90: 0.0997 | AE90: 0.7
A91: =ROW(A89) -> 89 | B91: 03 | C91: 1 | E91: 12-03 | F91: 5497-02-1A2002 | G91: 營運一處 | H91: 台北二部 | I91: 新店 | J91: ApeosPrint 4620SDN | K91: YB7000625 | L91: 45770 | M91: 2522 | N91: 2990 | O91: 468 | P91: 454 | R91: =合約與計費!$D$4 -> 0.296 | S91: =ROUND(P91*R91,0) -> 134 | AD91: 0.0484 | AE91: 1
A92: =ROW(A90) -> 90 | B92: 04 | C92: 1 | E92: 12-04 | F92: 5497-02-1A2002 | G92: 營運一處 | H92: 台北二部 | I92: 新店 | J92: ApeosPrint 4620SDN | K92: YB7000626 | L92: 45770 | M92: 4425 | N92: 5193 | O92: 768 | P92: 745 | R92: =合約與計費!$D$4 -> 0.296 | S92: =ROUND(P92*R92,0) -> 221 | AD92: 0.1492 | AE92: 0.5
A93: =ROW(A91) -> 91 | B93: 05 | C93: 1 | E93: 12-05 | F93: 5497-02-1A2002 | G93: 營運一處 | H93: 台北二部 | I93: 新店 | J93: ApeosPrint 4620SDN | K93: YB7000628 | L93: 45770 | M93: 5323 | N93: 6023 | O93: 700 | P93: 679 | R93: =合約與計費!$D$4 -> 0.296 | S93: =ROUND(P93*R93,0) -> 201 | AD93: 0.0938 | AE93: 0.3
A94: =ROW(A92) -> 92 | B94: 06 | C94: 1 | E94: 12-06 | F94: 5497-02-1A2002 | G94: 營運一處 | H94: 台北二部 | I94: 新店 | J94: ApeosPrint 4620SDN | K94: YB7000629 | L94: 45770 | M94: 5774 | N94: 7063 | O94: 1289 | P94: 1250 | R94: =合約與計費!$D$4 -> 0.296 | S94: =ROUND(P94*R94,0) -> 370 | AD94: 0.3135 | AE94: 0.3
A95: =ROW(A93) -> 93 | B95: 07 | C95: 1 | E95: 12-07 | F95: 5497-02-1A2002 | G95: 營運一處 | H95: 台北二部 | I95: 新店 | J95: ApeosPrint 4620SDN | K95: YB7000630 | L95: 45770 | M95: 5096 | N95: 5954 | O95: 858 | P95: 832 | R95: =合約與計費!$D$4 -> 0.296 | S95: =ROUND(P95*R95,0) -> 246 | AD95: 0.1156 | AE95: 0.3
A96: =ROW(A94) -> 94 | B96: 08 | C96: 1 | E96: 12-08 | F96: 5497-02-1A2002 | G96: 營運一處 | H96: 台北二部 | I96: 新店 | J96: ApeosPrint 4620SDN | K96: YB7000631 | L96: 45770 | M96: 4192 | N96: 5303 | O96: 1111 | P96: 1078 | R96: =合約與計費!$D$4 -> 0.296 | S96: =ROUND(P96*R96,0) -> 319 | AD96: 0.1735 | AE96: 0.3
A97: =ROW(A95) -> 95 | B97: 09 | C97: 1 | E97: 12-09 | F97: 5497-02-1A2002 | G97: 營運一處 | H97: 台北二部 | I97: 新店 | J97: ApeosPrint 4620SDN | K97: YB7000632 | L97: 45770 | M97: 4862 | N97: 5863 | O97: 1001 | P97: 971 | R97: =合約與計費!$D$4 -> 0.296 | S97: =ROUND(P97*R97,0) -> 287 | AD97: 0.2416 | AE97: 0.5
A98: =ROW(A96) -> 96 | B98: 10 | C98: 1 | E98: 12-10 | F98: 5497-02-1A2002 | G98: 營運一處 | H98: 台北二部 | I98: 新店 | J98: ApeosPrint 4620SDN | K98: YB7000634 | L98: 45770 | M98: 5602 | N98: 6350 | O98: 748 | P98: 726 | R98: =合約與計費!$D$4 -> 0.296 | S98: =ROUND(P98*R98,0) -> 215 | AD98: 0.1221 | AE98: 0.2
A99: =ROW(A97) -> 97 | B99: 11 | C99: 1 | E99: 12-11 | F99: 5497-02-1A2002 | G99: 營運一處 | H99: 台北二部 | I99: 新店 | J99: ApeosPrint 4620SDN | K99: YB7000818 | L99: 45770 | M99: 6658 | N99: 7538 | O99: 880 | P99: 854 | R99: =合約與計費!$D$4 -> 0.296 | S99: =ROUND(P99*R99,0) -> 253 | AD99: 0.121 | AE99: 0.2
A100: =ROW(A98) -> 98 | B100: 12 | C100: 1 | E100: 12-12 | F100: 5497-02-1A2002 | G100: 營運一處 | H100: 台北二部 | I100: 新店 | J100: ApeosPrint 4620SDN | K100: YB7000825 | L100: 45770 | M100: 4500 | N100: 5432 | O100: 932 | P100: 904 | R100: =合約與計費!$D$4 -> 0.296 | S100: =ROUND(P100*R100,0) -> 268 | AD100: 0.1189 | AE100: 0.5
...

Sheet 撤機門市
A1: 項次 | B1: 門市 機器 數量 | C1: 機台 數量 | D1: 門市 編碼 | E1: 設備 編碼 | F1: 客編 | G1: 營運別 | H1: 部別 | I1: 門市 | J1: 機型 | K1: 機器序號 | L1: 安裝日期 | M1: 1~6月 列印量 扣除3%誤印率 | N1: 黑色 | V1: 1~6月 列印量 扣除3%誤印率 | W1: 彩色 | AE1: 備註 | AF1: 1-6月 | AH1: 7月
N2: 初始 總頁數 | O2: 本月 總頁數 | P2: 7月 列印量 | Q2: 7月 列印量 扣除3%誤印率 | R2: (單)門市列印量 扣除3%誤印率 | S2: 黑色單價 (含稅) | T2: 單台黑色 列印費用 | U2: (單)門市黑色 列印費用 | W2: 初始 總頁數 | X2: 本月 總頁數 | Y2: 7月 列印量 | Z2: 7月 列印量 扣除3%誤印率 | AA2: (單)門市列印量 扣除3%誤印率 | AB2: 彩色單價 (含稅) | AC2: 單台彩色 列印費用 | AD2: (單)門市彩色 列印費用 | AF2: 覆蓋率 | AG2: 碳粉 啪數 | AH2: 覆蓋率 | AI2: 碳粉 啪數
A3: 1163 | B3: 01 | C3: 1 | D3: 129 | E3: 129-01 | F3: 5497-02-4N1001 | G3: 營運四處 | H3: 彰化一部 | I3: 天后 | J3: HP 4003dn | K3: PHLKP01463 | L3: 45743 | M3: 758.54 | N3: 782 | P3: =O3-N3 -> -782 | Q3: =ROUND(P3*0.97,2) -> -758.54 | S3: =合約與計費!$D$4 -> 0.296 | T3: =ROUND(Q3*S3,0) -> -225 | V3: 0 | Y3: =X3-W3 -> 0 | Z3: =ROUND(Y3*0.97,2) -> 0 | AB3: =合約與計費!$E$4 -> 2.8
A4: 1164 | B4: 02 | C4: 1 | E4: 129-02 | F4: 5497-02-4N1001 | G4: 營運四處 | H4: 彰化一部 | I4: 天后 | J4: HP 4003dn | K4: PHLKP01484 | L4: 45743 | M4: 1531.63 | N4: 1579 | P4: =O4-N4 -> -1579 | Q4: =ROUND(P4*0.97,2) -> -1531.63 | S4: =合約與計費!$D$4 -> 0.296 | T4: =ROUND(Q4*S4,0) -> -453 | V4: 0 | Y4: =X4-W4 -> 0 | Z4: =ROUND(Y4*0.97,2) -> 0 | AB4: =合約與計費!$E$4 -> 2.8
A5: 1165 | B5: 03 | C5: 1 | E5: 129-03 | F5: 5497-02-4N1001 | G5: 營運四處 | H5: 彰化一部 | I5: 天后 | J5: Apeos 4620SDF | K5: YB5000307 | L5: 45743 | M5: 37.83 | N5: 39 | P5: =O5-N5 -> -39 | Q5: =ROUND(P5*0.97,2) -> -37.83 | S5: =合約與計費!$D$4 -> 0.296 | T5: =ROUND(Q5*S5,0) -> -11 | V5: 0 | Y5: =X5-W5 -> 0 | Z5: =ROUND(Y5*0.97,2) -> 0 | AB5: =合約與計費!$E$4 -> 2.8 | AF5: 0.0241 | AG5: 1
A6: 1166 | B6: 04 | C6: 1 | E6: 129-04 | F6: 5497-02-4N1001 | G6: 營運四處 | H6: 彰化一部 | I6: 天后 | J6: Apeos C325dw | K6: NC7003353 | L6: 45743 | M6: 80.51 | N6: 83 | P6: =O6-N6 -> -83 | Q6: =ROUND(P6*0.97,2) -> -80.51 | R6: =ROUND(SUM(Q3:Q6),2) -> -2408.51 | S6: =合約與計費!$D$4 -> 0.296 | T6: =ROUND(Q6*S6,0) -> -24 | U6: =ROUND(SUM(T3:T6),2) -> -713 | V6: 10.67 | W6: 11 | Y6: =X6-W6 -> -11 | Z6: =ROUND(Y6*0.97,2) -> -10.67 | AA6: =ROUND(SUM(Z3:Z6),2) -> -10.67 | AB6: =合約與計費!$E$4 -> 2.8 | AC6: =ROUND(Z6*AB6,0) -> -30 | AD6: =ROUND(SUM(AC3:AC6),2) -> -30

Sheet 辦公室請款明細表
A1: 項次 | B1: 門市 機器 數量 | C1: 機台 數量 | D1: 門市 編碼 | E1: 設備 編碼 | F1: 客編 | G1: 營運別 | H1: 部別 | I1: 門市 | J1: 機型 | K1: 機器序號 | L1: 安裝日期 | M1: 黑色 | AC1: 彩色 | AS1: 備註 | AT1: 1-6月 | AV1: 7月 | AX1: 8月 | AZ1: 9月
M2: 初始 總頁數 | N2: 1-6月 總頁數 | O2: 1-6月 列印量 | P2: 1-6月 列印量 扣除3%誤印率 | Q2: 7月 總頁數 | R2: 7月 列印量 | S2: 7月 列印量 扣除3%誤印率 | T2: 8月 總頁數 | U2: 8月 列印量 | V2: 8月 列印量 扣除3%誤印率 | W2: 本月 總頁數 | X2: 9月 列印量 | Y2: 9月 列印量 扣除3%誤印率 | Z2: 黑色單價 (含稅) | AA2: 單台黑色 列印費用 | AB2: (單)門市黑色 列印費用 | AC2: 初始 總頁數 | AD2: 1-6月 總頁數 | AE2: 1-6月 列印量 | AF2: 1-6月 列印量 扣除3%誤印率 | AG2: 7月 總頁數 | AH2: 7月 列印量 | AI2: 7月 列印量 扣除3%誤印率 | AJ2: 8月 總頁數 | AK2: 8月 列印量 | AL2: 8月 列印量 扣除3%誤印率 | AM2: 本月 總頁數 | AN2: 9月 列印量 | AO2: 9月 列印量 扣除3%誤印率 | AP2: 彩色單價 (含稅) | AQ2: 單台彩色 列印費用 | AR2: (單)門市彩色 列印費用 | AT2: 覆蓋率 | AU2: 碳粉 啪數 | AV2: 覆蓋率 | AW2: 碳粉 啪數 | AX2: 覆蓋率 | AY2: 碳粉 啪數 | AZ2: 覆蓋率 | BA2: 碳粉 啪數
A3: 1 | B3: 01 | C3: 1 | D3: 188 | E3: 188-01 | F3: 5497-02-7S4002 | G3: 通路行銷處 | H3: 管理三部 | I3: 高雄辦公室 | J3: Apeos C325dw | K3: NC7003615 | L3: 45772 | N3: 105 | O3: =N3-M3 -> 105 | P3: =ROUND(O3*0.97,2) -> 101.85 | Q3: 370 | R3: =Q3-M3 -> 370 | S3: =ROUND(R3*0.97,2) -> 358.9 | T3: 450 | U3: =T3-Q3 -> 80 | V3: =ROUND(U3*0.97,0) -> 78 | W3: 546 | X3: =W3-T3 -> 96 | Y3: =ROUND(X3*0.97,0) -> 93 | Z3: =合約與計費!$D$4 -> 0.296 | AA3: =ROUND(Y3*Z3,0) -> 28 | AD3: 59 | AE3: =AD3-AC3 -> 59 | AF3: =ROUND(AE3*0.97,2) -> 57.23 | AG3: 100 | AH3: =AG3-AC3 -> 100 | AI3: =ROUND(AH3*0.97,2) -> 97 | AJ3: 122 | AK3: =AJ3-AG3 -> 22 | AL3: =ROUND(AK3*0.97,0) -> 21 | AM3: 222 | AN3: =AM3-AJ3 -> 100 | AO3: =ROUND(AN3*0.97,0) -> 97 | AP3: =合約與計費!$E$4 -> 2.8 | AQ3: =ROUND(AO3*AP3,0) -> 272 | AU3: =ROUND(AT3*0.97,2) -> 0
R4: =Q3-N3-R3 -> -105 | U4: =Q3-N3-R3 -> -105 | V4: =ROUND(U4*0.97,0) -> -102 | X4: =Q3-N3-R3+U3 -> -25 | Y4: =ROUND(X4*0.97,0) -> -24 | Z4: =合約與計費!$D$4 -> 0.296 | AA4: =ROUND(Y4*Z4,0) -> -7 | AB4: =SUM(AA3:AA4) -> 21 | AH4: =AG3-AD3-AH3 -> -59 | AK4: =AG3-AD3-AH3+AK3 -> -37 | AL4: =ROUND(AK4*0.97,0) -> -36 | AN4: =AG3-AD3-AH3+AK3 -> -37 | AO4: =ROUND(AN4*0.97,0) -> -36 | AP4: =合約與計費!$E$4 -> 2.8 | AQ4: =ROUND(AO4*AP4,0) -> -101 | AR4: =SUM(AQ3:AQ4) -> 171
A5: 2 | B5: 01 | C5: 1 | D5: 212 | E5: 212-01 | F5: 5497-02-7S4001 | G5: 通路行銷處 | H5: 管理三部 | I5: 力行辦公室 | J5: Apeos 4620SDF | K5: YB5000450 | L5: 45769 | N5: 2709 | O5: =N5-M5 -> 2709 | P5: =ROUND(O5*0.97,2) -> 2627.73 | Q5: 3380 | R5: =Q5-M5 -> 3380 | S5: =ROUND(R5*0.97,2) -> 3278.6 | T5: 5099 | U5: =T5-Q5 -> 1719 | V5: =ROUND(U5*0.97,0) -> 1667 | W5: 5629 | X5: =W5-T5 -> 530 | Y5: =ROUND(X5*0.97,0) -> 514 | Z5: =合約與計費!$D$4 -> 0.296 | AA5: =ROUND(Y5*Z5,0) -> 152 | AE5: =AD5-AC5 -> 0 | AF5: =ROUND(AE5*0.97,2) -> 0 | AH5: =AG5-AC5 -> 0 | AI5: =ROUND(AH5*0.97,2) -> 0 | AK5: =AJ5-AG5 -> 0 | AL5: =ROUND(AK5*0.97,2) -> 0 | AN5: =AM5-AG5 -> 0 | AO5: =ROUND(AN5*0.97,2) -> 0 | AP5: =合約與計費!$E$4 -> 2.8 | AQ5: =ROUND(AO5*AP5,0) -> 0 | AT5: 0.0603 | AU5: 1 | AV5: 0.065 | AW5: 0.9 | AX5: 0.069 | AY5: 0.8 | AZ5: 0.07 | BA5: 0.7
R6: =Q5-N5-R5 -> -2709 | U6: =Q5-N5-R5 -> -2709 | V6: =ROUND(U6*0.97,0) -> -2628 | X6: =Q5-N5-R5+U5 -> -990 | Y6: =ROUND(X6*0.97,0) -> -960 | Z6: =合約與計費!$D$4 -> 0.296 | AA6: =ROUND(Y6*Z6,0) -> -284
A7: 3 | B7: 01 | C7: 1 | D7: 185 | E7: 185-02 | F7: 5497-02-7H3001 | G7: 通路營運三處 | H7: 桃三部 | I7: 桃園辦公室(中壢) | J7: Apeos C325dw | K7: NC7003603 | L7: 45758 | N7: 291 | O7: =N7-M7 -> 291 | P7: =ROUND(O7*0.97,2) -> 282.27 | Q7: 371 | R7: =Q7-M7 -> 371 | S7: =ROUND(R7*0.97,2) -> 359.87 | T7: 447 | U7: =T7-Q7 -> 76 | V7: =ROUND(U7*0.97,0) -> 74 | W7: 515 | X7: =W7-T7 -> 68 | Y7: =ROUND(X7*0.97,0) -> 66 | Z7: =合約與計費!$D$4 -> 0.296 | AA7: =ROUND(Y7*Z7,0) -> 20 | AD7: 24 | AE7: =AD7-AC7 -> 24 | AF7: =ROUND(AE7*0.97,2) -> 23.28 | AG7: 27 | AH7: =AG7-AC7 -> 27 | AI7: =ROUND(AH7*0.97,2) -> 26.19 | AJ7: 31 | AK7: =AJ7-AG7 -> 4 | AL7: =ROUND(AK7*0.97,0) -> 4 | AM7: 33 | AN7: =AM7-AJ7 -> 2 | AO7: =ROUND(AN7*0.97,0) -> 2 | AP7: =合約與計費!$E$4 -> 2.8 | AU7: =ROUND(AT7*0.97,2) -> 0
R8: =Q7-N7-R7 -> -291 | U8: =Q7-N7-R7 -> -291 | V8: =ROUND(U8*0.97,0) -> -282 | X8: =Q7-N7-R7+U7 -> -215 | Y8: =ROUND(X8*0.97,0) -> -209 | Z8: =合約與計費!$D$4 -> 0.296 | AA8: =ROUND(Y8*Z8,0) -> -62 | AH8: =AG7-AD7-AH7 -> -24 | AK8: =AG7-AD7-AH7+AK7 -> -20 | AL8: =ROUND(AK8*0.97,0) -> -19 | AN8: =AG7-AD7-AH7+AK7+AN7 -> -18 | AO8: =ROUND(AN8*0.97,0) -> -17 | AP8: =合約與計費!$E$4 -> 2.8
C9: =COUNT(C3:C7) -> 3 | O9: =SUM(O3:O8) -> 3105 | P9: =SUM(P3:P8) -> 3011.85 | R9: =SUM(R3:R8) -> 1016 | S9: =SUM(S3:S8) -> 3997.37 | U9: =SUM(U3:U8) -> -1230 | V9: =SUM(V3:V8) -> -1193 | X9: =SUM(X3:X8) -> -536 | Y9: =SUM(Y3:Y8) -> -520 | AA9: =SUM(AA3:AA7) -> -91 | AE9: =SUM(AE3:AE7) -> 83 | AF9: =SUM(AF3:AF7) -> 80.51 | AH9: =SUM(AH3:AH7) -> 68 | AI9: =SUM(AI3:AI7) -> 123.19 | AK9: =SUM(AK3:AK8) -> -31 | AL9: =SUM(AL3:AL8) -> -30 | AN9: =SUM(AN3:AN8) -> 47 | AO9: =SUM(AO3:AO8) -> 46 | AQ9: =SUM(AQ3:AQ8) -> 171 | AR9: =SUM(AR3:AR8) -> 171

Sheet 請款明細表
B3: 門市/辦公室總計 | C3: =門市請款明細表!D1982&"家" -> 391家 | D3: 黑色列印量 | E3: 彩色列印量
B4: HP 4003dn | C4: =SUMIF(門市請款明細表!$J$1:$J$1981,B4,門市請款明細表!$C$1:$C$1981) -> 502 | D4: =SUMIF(門市請款明細表!$J$3:$J$1981,B4,門市請款明細表!$P$3:$P$1981) -> 584964
B5: ApeosPrint 4620SDN | C5: =SUMIF(門市請款明細表!$J$1:$J$1981,B5,門市請款明細表!$C$1:$C$1981) -> 789 | D5: =SUMIF(門市請款明細表!$J$3:$J$1981,B5,門市請款明細表!$P$3:$P$1981) -> 924270
B6: Apeos 4620SDF | C6: =SUMIF(門市請款明細表!$J$1:$J$1981,B6,門市請款明細表!$C$1:$C$1981) -> 306 | D6: =SUMIF(門市請款明細表!$J$3:$J$1981,B6,門市請款明細表!$P$3:$P$1981) -> 116125
B7: Apeos C325dw | C7: =SUMIF(門市請款明細表!$J$1:$J$1981,B7,門市請款明細表!$C$1:$C$1981) -> 366 | D7: =SUMIF(門市請款明細表!$J$3:$J$1981,B7,門市請款明細表!$P$3:$P$1981) -> 48510 | E7: =SUMIF(門市請款明細表!$J$3:$J$1981,B7,門市請款明細表!$X3:$X1980) -> 21837
B8: 機器台數/列印小計 | C8: =SUM(C4:C7)&"台" -> 1963台 | D8: =ROUND(SUM(D4:D7),0) -> 1673869 | E8: =ROUND(SUM(E4:E7),0) -> 21837
B9: 黑色小計/彩色小計 | D9: =門市請款明細表!S1982 -> 495461 | E9: =門市請款明細表!AA1982 -> 61139
B10: 門市/辦公室小計(含稅) | D10: =SUM(D9:E9) -> 556600
B11: 小計 | D11: =ROUND((D10)/1.05,2) -> 530095.24
B12: 稅金 | D12: =D10-D11 -> 26504.76
B13: 總額 | D13: =ROUND(D11*1.05,0) -> 556600

Sheet 門市機器統計表
A1: 編碼 | B1: 人員 | C1: 門市 | D1: 總計 | E1: HP 4003dn | F1: ApeosPrint 4620SDN | G1: Apeos 4620SDF | H1: Apeos C325dw
A2: 1 | B2: ZV1 | C2: 基隆 | D2: =SUMIF(門市請款明細表!$H$3:$H$1981,$C2,門市請款明細表!$J$3:$J$1981) -> 0 | E2: =SUMIFS(門市請款明細表!$J$3:$J$1981,門市請款明細表!$H$3:$H$1981,$C2,門市請款明細表!$I$3:$I$1981,E$1) -> 0 | F2: =SUMIFS(門市請款明細表!$J$3:$J$1981,門市請款明細表!$H$3:$H$1981,$C2,門市請款明細表!$I$3:$I$1981,F$1) -> 0 | G2: =SUMIFS(門市請款明細表!$J$3:$J$1981,門市請款明細表!$H$3:$H$1981,$C2,門市請款明細表!$I$3:$I$1981,G$1) -> 0 | H2: =SUMIFS(門市請款明細表!$J$3:$J$1981,門市請款明細表!$H$3:$H$1981,$C2,門市請款明細表!$I$3:$I$1981,H$1) -> 0 | I2: =SUM(E2:H2) -> 0 | J2: =IF(D2=I2,"●","✖") -> ●
A3: 2 | B3: ZV1 | C3: 三重 | D3: =SUMIF(門市請款明細表!$H$3:$H$1981,$C3,門市請款明細表!$J$3:$J$1981) -> 0 | E3: =SUMIFS(門市請款明細表!$J$3:$J$1981,門市請款明細表!$H$3:$H$1981,$C3,門市請款明細表!$I$3:$I$1981,E$1) -> 0 | F3: =SUMIFS(門市請款明細表!$J$3:$J$1981,門市請款明細表!$H$3:$H$1981,$C3,門市請款明細表!$I$3:$I$1981,F$1) -> 0 | G3: =SUMIFS(門市請款明細表!$J$3:$J$1981,門市請款明細表!$H$3:$H$1981,$C3,門市請款明細表!$I$3:$I$1981,G$1) -> 0 | H3: =SUMIFS(門市請款明細表!$J$3:$J$1981,門市請款明細表!$H$3:$H$1981,$C3,門市請款明細表!$I$3:$I$1981,H$1) -> 0 | I3: =SUM(E3:H3) -> 0 | J3: =IF(D3=I3,"●","✖") -> ●
A4: 3 | B4: ZV1 | C4: 台北東區 | D4: =SUMIF(門市請款明細表!$H$3:$H$1981,$C4,門市請款明細表!$J$3:$J$1981) -> 0 | E4: =SUMIFS(門市請款明細表!$J$3:$J$1981,門市請款明細表!$H$3:$H$1981,$C4,門市請款明細表!$I$3:$I$1981,E$1) -> 0 | F4: =SUMIFS(門市請款明細表!$J$3:$J$1981,門市請款明細表!$H$3:$H$1981,$C4,門市請款明細表!$I$3:$I$1981,F$1) -> 0 | G4: =SUMIFS(門市請款明細表!$J$3:$J$1981,門市請款明細表!$H$3:$H$1981,$C4,門市請款明細表!$I$3:$I$1981,G$1) -> 0 | H4: =SUMIFS(門市請款明細表!$J$3:$J$1981,門市請款明細表!$H$3:$H$1981,$C4,門市請款明細表!$I$3:$I$1981,H$1) -> 0 | I4: =SUM(E4:H4) -> 0 | J4: =IF(D4=I4,"●","✖") -> ●
A5: 4 | B5: ZF | C5: 林森 | D5: =SUMIF(門市請款明細表!$H$3:$H$1981,$C5,門市請款明細表!$J$3:$J$1981) -> 0 | E5: =SUMIFS(門市請款明細表!$J$3:$J$1981,門市請款明細表!$H$3:$H$1981,$C5,門市請款明細表!$I$3:$I$1981,E$1) -> 0 | F5: =SUMIFS(門市請款明細表!$J$3:$J$1981,門市請款明細表!$H$3:$H$1981,$C5,門市請款明細表!$I$3:$I$1981,F$1) -> 0 | G5: =SUMIFS(門市請款明細表!$J$3:$J$1981,門市請款明細表!$H$3:$H$1981,$C5,門市請款明細表!$I$3:$I$1981,G$1) -> 0 | H5: =SUMIFS(門市請款明細表!$J$3:$J$1981,門市請款明細表!$H$3:$H$1981,$C5,門市請款明細表!$I$3:$I$1981,H$1) -> 0 | I5: =SUM(E5:H5) -> 0 | J5: =IF(D5=I5,"●","✖") -> ●
A6: 5 | B6: ZV1 | C6: 台北東門 | D6: =SUMIF(門市請款明細表!$H$3:$H$1981,$C6,門市請款明細表!$J$3:$J$1981) -> 0 | E6: =SUMIFS(門市請款明細表!$J$3:$J$1981,門市請款明細表!$H$3:$H$1981,$C6,門市請款明細表!$I$3:$I$1981,E$1) -> 0 | F6: =SUMIFS(門市請款明細表!$J$3:$J$1981,門市請款明細表!$H$3:$H$1981,$C6,門市請款明細表!$I$3:$I$1981,F$1) -> 0 | G6: =SUMIFS(門市請款明細表!$J$3:$J$1981,門市請款明細表!$H$3:$H$1981,$C6,門市請款明細表!$I$3:$I$1981,G$1) -> 0 | H6: =SUMIFS(門市請款明細表!$J$3:$J$1981,門市請款明細表!$H$3:$H$1981,$C6,門市請款明細表!$I$3:$I$1981,H$1) -> 0 | I6: =SUM(E6:H6) -> 0 | J6: =IF(D6=I6,"●","✖") -> ●
A7: 6 | B7: ZV1 | C7: 長春 | D7: =SUMIF(門市請款明細表!$H$3:$H$1981,$C7,門市請款明細表!$J$3:$J$1981) -> 0 | E7: =SUMIFS(門市請款明細表!$J$3:$J$1981,門市請款明細表!$H$3:$H$1981,$C7,門市請款明細表!$I$3:$I$1981,E$1) -> 0 | F7: =SUMIFS(門市請款明細表!$J$3:$J$1981,門市請款明細表!$H$3:$H$1981,$C7,門市請款明細表!$I$3:$I$1981,F$1) -> 0 | G7: =SUMIFS(門市請款明細表!$J$3:$J$1981,門市請款明細表!$H$3:$H$1981,$C7,門市請款明細表!$I$3:$I$1981,G$1) -> 0 | H7: =SUMIFS(門市請款明細表!$J$3:$J$1981,門市請款明細表!$H$3:$H$1981,$C7,門市請款明細表!$I$3:$I$1981,H$1) -> 0 | I7: =SUM(E7:H7) -> 0 | J7: =IF(D7=I7,"●","✖") -> ●
A8: 7 | B8: ZV1 | C8: 大坪林 | D8: =SUMIF(門市請款明細表!$H$3:$H$1981,$C8,門市請款明細表!$J$3:$J$1981) -> 0 | E8: =SUMIFS(門市請款明細表!$J$3:$J$1981,門市請款明細表!$H$3:$H$1981,$C8,門市請款明細表!$I$3:$I$1981,E$1) -> 0 | F8: =SUMIFS(門市請款明細表!$J$3:$J$1981,門市請款明細表!$H$3:$H$1981,$C8,門市請款明細表!$I$3:$I$1981,F$1) -> 0 | G8: =SUMIFS(門市請款明細表!$J$3:$J$1981,門市請款明細表!$H$3:$H$1981,$C8,門市請款明細表!$I$3:$I$1981,G$1) -> 0 | H8: =SUMIFS(門市請款明細表!$J$3:$J$1981,門市請款明細表!$H$3:$H$1981,$C8,門市請款明細表!$I$3:$I$1981,H$1) -> 0 | I8: =SUM(E8:H8) -> 0 | J8: =IF(D8=I8,"●","✖") -> ●
A9: 8 | B9: ZV1 | C9: 台北公館 | D9: =SUMIF(門市請款明細表!$H$3:$H$1981,$C9,門市請款明細表!$J$3:$J$1981) -> 0 | E9: =SUMIFS(門市請款明細表!$J$3:$J$1981,門市請款明細表!$H$3:$H$1981,$C9,門市請款明細表!$I$3:$I$1981,E$1) -> 0 | F9: =SUMIFS(門市請款明細表!$J$3:$J$1981,門市請款明細表!$H$3:$H$1981,$C9,門市請款明細表!$I$3:$I$1981,F$1) -> 0 | G9: =SUMIFS(門市請款明細表!$J$3:$J$1981,門市請款明細表!$H$3:$H$1981,$C9,門市請款明細表!$I$3:$I$1981,G$1) -> 0 | H9: =SUMIFS(門市請款明細表!$J$3:$J$1981,門市請款明細表!$H$3:$H$1981,$C9,門市請款明細表!$I$3:$I$1981,H$1) -> 0 | I9: =SUM(E9:H9) -> 0 | J9: =IF(D9=I9,"●","✖") -> ●
A10: 9 | B10: ZV1 | C10: 台北木新 | D10: =SUMIF(門市請款明細表!$H$3:$H$1981,$C10,門市請款明細表!$J$3:$J$1981) -> 0 | E10: =SUMIFS(門市請款明細表!$J$3:$J$1981,門市請款明細表!$H$3:$H$1981,$C10,門市請款明細表!$I$3:$I$1981,E$1) -> 0 | F10: =SUMIFS(門市請款明細表!$J$3:$J$1981,門市請款明細表!$H$3:$H$1981,$C10,門市請款明細表!$I$3:$I$1981,F$1) -> 0 | G10: =SUMIFS(門市請款明細表!$J$3:$J$1981,門市請款明細表!$H$3:$H$1981,$C10,門市請款明細表!$I$3:$I$1981,G$1) -> 0 | H10: =SUMIFS(門市請款明細表!$J$3:$J$1981,門市請款明細表!$H$3:$H$1981,$C10,門市請款明細表!$I$3:$I$1981,H$1) -> 0 | I10: =SUM(E10:H10) -> 0 | J10: =IF(D10=I10,"●","✖") -> ●
A11: 10 | B11: ZV1 | C11: 台北師大 | D11: =SUMIF(門市請款明細表!$H$3:$H$1981,$C11,門市請款明細表!$J$3:$J$1981) -> 0 | E11: =SUMIFS(門市請款明細表!$J$3:$J$1981,門市請款明細表!$H$3:$H$1981,$C11,門市請款明細表!$I$3:$I$1981,E$1) -> 0 | F11: =SUMIFS(門市請款明細表!$J$3:$J$1981,門市請款明細表!$H$3:$H$1981,$C11,門市請款明細表!$I$3:$I$1981,F$1) -> 0 | G11: =SUMIFS(門市請款明細表!$J$3:$J$1981,門市請款明細表!$H$3:$H$1981,$C11,門市請款明細表!$I$3:$I$1981,G$1) -> 0 | H11: =SUMIFS(門市請款明細表!$J$3:$J$1981,門市請款明細表!$H$3:$H$1981,$C11,門市請款明細表!$I$3:$I$1981,H$1) -> 0 | I11: =SUM(E11:H11) -> 0 | J11: =IF(D11=I11,"●","✖") -> ●
A12: 11 | B12: ZV1 | C12: 景文 | D12: =SUMIF(門市請款明細表!$H$3:$H$1981,$C12,門市請款明細表!$J$3:$J$1981) -> 0 | E12: =SUMIFS(門市請款明細表!$J$3:$J$1981,門市請款明細表!$H$3:$H$1981,$C12,門市請款明細表!$I$3:$I$1981,E$1) -> 0 | F12: =SUMIFS(門市請款明細表!$J$3:$J$1981,門市請款明細表!$H$3:$H$1981,$C12,門市請款明細表!$I$3:$I$1981,F$1) -> 0 | G12: =SUMIFS(門市請款明細表!$J$3:$J$1981,門市請款明細表!$H$3:$H$1981,$C12,門市請款明細表!$I$3:$I$1981,G$1) -> 0 | H12: =SUMIFS(門市請款明細表!$J$3:$J$1981,門市請款明細表!$H$3:$H$1981,$C12,門市請款明細表!$I$3:$I$1981,H$1) -> 0 | I12: =SUM(E12:H12) -> 0 | J12: =IF(D12=I12,"●","✖") -> ●
A13: 12 | B13: ZV1 | C13: 新店 | D13: =SUMIF(門市請款明細表!$H$3:$H$1981,$C13,門市請款明細表!$J$3:$J$1981) -> 0 | E13: =SUMIFS(門市請款明細表!$J$3:$J$1981,門市請款明細表!$H$3:$H$1981,$C13,門市請款明細表!$I$3:$I$1981,E$1) -> 0 | F13: =SUMIFS(門市請款明細表!$J$3:$J$1981,門市請款明細表!$H$3:$H$1981,$C13,門市請款明細表!$I$3:$I$1981,F$1) -> 0 | G13: =SUMIFS(門市請款明細表!$J$3:$J$1981,門市請款明細表!$H$3:$H$1981,$C13,門市請款明細表!$I$3:$I$1981,G$1) -> 0 | H13: =SUMIFS(門市請款明細表!$J$3:$J$1981,門市請款明細表!$H$3:$H$1981,$C13,門市請款明細表!$I$3:$I$1981,H$1) -> 0 | I13: =SUM(E13:H13) -> 0 | J13: =IF(D13=I13,"●","✖") -> ●
... A129: 128 | B129: ZC | C129: 大埔 | D129: =SUMIF(門市請款明細表!$H$3:$H$1981,$C129,門市請款明細表!$J$3:$J$1981) -> 0 | E129: =SUMIFS(門市請款明細表!$J$3:$J$1981,門市請款明細表!$H$3:$H$1981,$C129,門市請款明細表!$I$3:$I$1981,E$1) -> 0 | F129: =SUMIFS(門市請款明細表!$J$3:$J$1981,門市請款明細表!$H$3:$H$1981,$C129,門市請款明細表!$I$3:$I$1981,F$1) -> 0 | G129: =SUMIFS(門市請款明細表!$J$3:$J$1981,門市請款明細表!$H$3:$H$1981,$C129,門市請款明細表!$I$3:$I$1981,G$1) -> 0 | H129: =SUMIFS(門市請款明細表!$J$3:$J$1981,門市請款明細表!$H$3:$H$1981,$C129,門市請款明細表!$I$3:$I$1981,H$1) -> 0 | I129: =SUM(E129:H129) -> 0 | J129: =IF(D129=I129,"●","✖") -> ●
A130: 129 | C130: 天后 | D130: =SUMIF(門市請款明細表!$H$3:$H$1981,$C130,門市請款明細表!$J$3:$J$1981) -> 0 | E130: =SUMIFS(門市請款明細表!$J$3:$J$1981,門市請款明細表!$H$3:$H$1981,$C130,門市請款明細表!$I$3:$I$1981,E$1) -> 0 | F130: =SUMIFS(門市請款明細表!$J$3:$J$1981,門市請款明細表!$H$3:$H$1981,$C130,門市請款明細表!$I$3:$I$1981,F$1) -> 0 | G130: =SUMIFS(門市請款明細表!$J$3:$J$1981,門市請款明細表!$H$3:$H$1981,$C130,門市請款明細表!$I$3:$I$1981,G$1) -> 0 | H130: =SUMIFS(門市請款明細表!$J$3:$J$1981,門市請款明細表!$H$3:$H$1981,$C130,門市請款明細表!$I$3:$I$1981,H$1) -> 0 | I130: =SUM(E130:H130) -> 0 | J130: =IF(D130=I130,"●","✖") -> ●
A131: 130 | B131: ZC | C131: 斗南 | D131: =SUMIF(門市請款明細表!$H$3:$H$1981,$C131,門市請款明細表!$J$3:$J$1981) -> 0 | E131: =SUMIFS(門市請款明細表!$J$3:$J$1981,門市請款明細表!$H$3:$H$1981,$C131,門市請款明細表!$I$3:$I$1981,E$1) -> 0 | F131: =SUMIFS(門市請款明細表!$J$3:$J$1981,門市請款明細表!$H$3:$H$1981,$C131,門市請款明細表!$I$3:$I$1981,F$1) -> 0 | G131: =SUMIFS(門市請款明細表!$J$3:$J$1981,門市請款明細表!$H$3:$H$1981,$C131,門市請款明細表!$I$3:$I$1981,G$1) -> 0 | H131: =SUMIFS(門市請款明細表!$J$3:$J$1981,門市請款明細表!$H$3:$H$1981,$C131,門市請款明細表!$I$3:$I$1981,H$1) -> 0 | I131: =SUM(E131:H131) -> 0 | J131: =IF(D131=I131,"●","✖") -> ●
A132: 131 | B132: ZC | C132: 北斗 | D132: =SUMIF(門市請款明細表!$H$3:$H$1981,$C132,門市請款明細表!$J$3:$J$1981) -> 0 | E132: =SUMIFS(門市請款明細表!$J$3:$J$1981,門市請款明細表!$H$3:$H$1981,$C132,門市請款明細表!$I$3:$I$1981,E$1) -> 0 | F132: =SUMIFS(門市請款明細表!$J$3:$J$1981,門市請款明細表!$H$3:$H$1981,$C132,門市請款明細表!$I$3:$I$1981,F$1) -> 0 | G132: =SUMIFS(門市請款明細表!$J$3:$J$1981,門市請款明細表!$H$3:$H$1981,$C132,門市請款明細表!$I$3:$I$1981,G$1) -> 0 | H132: =SUMIFS(門市請款明細表!$J$3:$J$1981,門市請款明細表!$H$3:$H$1981,$C132,門市請款明細表!$I$3:$I$1981,H$1) -> 0 | I132: =SUM(E132:H132) -> 0 | J132: =IF(D132=I132,"●","✖") -> ●
A133: 132 | B133: ZC | C133: 永安 | D133: =SUMIF(門市請款明細表!$H$3:$H$1981,$C133,門市請款明細表!$J$3:$J$1981) -> 0 | E133: =SUMIFS(門市請款明細表!$J$3:$J$1981,門市請款明細表!$H$3:$H$1981,$C133,門市請款明細表!$I$3:$I$1981,E$1) -> 0 | F133: =SUMIFS(門市請款明細表!$J$3:$J$1981,門市請款明細表!$H$3:$H$1981,$C133,門市請款明細表!$I$3:$I$1981,F$1) -> 0 | G133: =SUMIFS(門市請款明細表!$J$3:$J$1981,門市請款明細表!$H$3:$H$1981,$C133,門市請款明細表!$I$3:$I$1981,G$1) -> 0 | H133: =SUMIFS(門市請款明細表!$J$3:$J$1981,門市請款明細表!$H$3:$H$1981,$C133,門市請款明細表!$I$3:$I$1981,H$1) -> 0 | I133: =SUM(E133:H133) -> 0 | J133: =IF(D133=I133,"●","✖") -> ●
A134: 133 | B134: ZC | C134: 虎科 | D134: =SUMIF(門市請款明細表!$H$3:$H$1981,$C134,門市請款明細表!$J$3:$J$1981) -> 0 | E134: =SUMIFS(門市請款明細表!$J$3:$J$1981,門市請款明細表!$H$3:$H$1981,$C134,門市請款明細表!$I$3:$I$1981,E$1) -> 0 | F134: =SUMIFS(門市請款明細表!$J$3:$J$1981,門市請款明細表!$H$3:$H$1981,$C134,門市請款明細表!$I$3:$I$1981,F$1) -> 0 | G134: =SUMIFS(門市請款明細表!$J$3:$J$1981,門市請款明細表!$H$3:$H$1981,$C134,門市請款明細表!$I$3:$I$1981,G$1) -> 0 | H134: =SUMIFS(門市請款明細表!$J$3:$J$1981,門市請款明細表!$H$3:$H$1981,$C134,門市請款明細表!$I$3:$I$1981,H$1) -> 0 | I134: =SUM(E134:H134) -> 0 | J134: =IF(D134=I134,"●","✖") -> ●
A135: 134 | B135: ZC | C135: 鹿港 | D135: =SUMIF(門市請款明細表!$H$3:$H$1981,$C135,門市請款明細表!$J$3:$J$1981) -> 0 | E135: =SUMIFS(門市請款明細表!$J$3:$J$1981,門市請款明細表!$H$3:$H$1981,$C135,門市請款明細表!$I$3:$I$1981,E$1) -> 0 | F135: =SUMIFS(門市請款明細表!$J$3:$J$1981,門市請款明細表!$H$3:$H$1981,$C135,門市請款明細表!$I$3:$I$1981,F$1) -> 0 | G135: =SUMIFS(門市請款明細表!$J$3:$J$1981,門市請款明細表!$H$3:$H$1981,$C135,門市請款明細表!$I$3:$I$1981,G$1) -> 0 | H135: =SUMIFS(門市請款明細表!$J$3:$J$1981,門市請款明細表!$H$3:$H$1981,$C135,門市請款明細表!$I$3:$I$1981,H$1) -> 0 | I135: =SUM(E135:H135) -> 0 | J135: =IF(D135=I135,"●","✖") -> ●
A136: 135 | B136: ZC | C136: 雲科 | D136: =SUMIF(門市請款明細表!$H$3:$H$1981,$C136,門市請款明細表!$J$3:$J$1981) -> 0 | E136: =SUMIFS(門市請款明細表!$J$3:$J$1981,門市請款明細表!$H$3:$H$1981,$C136,門市請款明細表!$I$3:$I$1981,E$1) -> 0 | F136: =SUMIFS(門市請款明細表!$J$3:$J$1981,門市請款明細表!$H$3:$H$1981,$C136,門市請款明細表!$I$3:$I$1981,F$1) -> 0 | G136: =SUMIFS(門市請款明細表!$J$3:$J$1981,門市請款明細表!$H$3:$H$1981,$C136,門市請款明細表!$I$3:$I$1981,G$1) -> 0 | H136: =SUMIFS(門市請款明細表!$J$3:$J$1981,門市請款明細表!$H$3:$H$1981,$C136,門市請款明細表!$I$3:$I$1981,H$1) -> 0 | I136: =SUM(E136:H136) -> 0 | J136: =IF(D136=I136,"●","✖") -> ●
A137: 136 | B137: ZC | C137: 彰師大 | D137: =SUMIF(門市請款明細表!$H$3:$H$1981,$C137,門市請款明細表!$J$3:$J$1981) -> 0 | E137: =SUMIFS(門市請款明細表!$J$3:$J$1981,門市請款明細表!$H$3:$H$1981,$C137,門市請款明細表!$I$3:$I$1981,E$1) -> 0 | F137: =SUMIFS(門市請款明細表!$J$3:$J$1981,門市請款明細表!$H$3:$H$1981,$C137,門市請款明細表!$I$3:$I$1981,F$1) -> 0 | G137: =SUMIFS(門市請款明細表!$J$3:$J$1981,門市請款明細表!$H$3:$H$1981,$C137,門市請款明細表!$I$3:$I$1981,G$1) -> 0 | H137: =SUMIFS(門市請款明細表!$J$3:$J$1981,門市請款明細表!$H$3:$H$1981,$C137,門市請款明細表!$I$3:$I$1981,H$1) -> 0 | I137: =SUM(E137:H137) -> 0 | J137: =IF(D137=I137,"●","✖") -> ●
A138: 137 | B138: ZC | C138: 靜修 | D138: =SUMIF(門市請款明細表!$H$3:$H$1981,$C138,門市請款明細表!$J$3:$J$1981) -> 0 | E138: =SUMIFS(門市請款明細表!$J$3:$J$1981,門市請款明細表!$H$3:$H$1981,$C138,門市請款明細表!$I$3:$I$1981,E$1) -> 0 | F138: =SUMIFS(門市請款明細表!$J$3:$J$1981,門市請款明細表!$H$3:$H$1981,$C138,門市請款明細表!$I$3:$I$1981,F$1) -> 0 | G138: =SUMIFS(門市請款明細表!$J$3:$J$1981,門市請款明細表!$H$3:$H$1981,$C138,門市請款明細表!$I$3:$I$1981,G$1) -> 0 | H138: =SUMIFS(門市請款明細表!$J$3:$J$1981,門市請款明細表!$H$3:$H$1981,$C138,門市請款明細表!$I$3:$I$1981,H$1) -> 0 | I138: =SUM(E138:H138) -> 0 | J138: =IF(D138=I138,"●","✖") -> ●
A139: 138 | B139: ZV2 | C139: 中壢 | D139: =SUMIF(門市請款明細表!$H$3:$H$1981,$C139,門市請款明細表!$J$3:$J$1981) -> 0 | E139: =SUMIFS(門市請款明細表!$J$3:$J$1981,門市請款明細表!$H$3:$H$1981,$C139,門市請款明細表!$I$3:$I$1981,E$1) -> 0 | F139: =SUMIFS(門市請款明細表!$J$3:$J$1981,門市請款明細表!$H$3:$H$1981,$C139,門市請款明細表!$I$3:$I$1981,F$1) -> 0 | G139: =SUMIFS(門市請款明細表!$J$3:$J$1981,門市請款明細表!$H$3:$H$1981,$C139,門市請款明細表!$I$3:$I$1981,G$1) -> 0 | H139: =SUMIFS(門市請款明細表!$J$3:$J$1981,門市請款明細表!$H$3:$H$1981,$C139,門市請款明細表!$I$3:$I$1981,H$1) -> 0 | I139: =SUM(E139:H139) -> 0 | J139: =IF(D139=I139,"●","✖") -> ●
A140: 139 | B140: ZE | C140: 台南中華 | D140: =SUMIF(門市請款明細表!$H$3:$H$1981,$C140,門市請款明細表!$J$3:$J$1981) -> 0 | E140: =SUMIFS(門市請款明細表!$J$3:$J$1981,門市請款明細表!$H$3:$H$1981,$C140,門市請款明細表!$I$3:$I$1981,E$1) -> 0 | F140: =SUMIFS(門市請款明細表!$J$3:$J$1981,門市請款明細表!$H$3:$H$1981,$C140,門市請款明細表!$I$3:$I$1981,F$1) -> 0 | G140: =SUMIFS(門市請款明細表!$J$3:$J$1981,門市請款明細表!$H$3:$H$1981,$C140,門市請款明細表!$I$3:$I$1981,G$1) -> 0 | H140: =SUMIFS(門市請款明細表!$J$3:$J$1981,門市請款明細表!$H$3:$H$1981,$C140,門市請款明細表!$I$3:$I$1981,H$1) -> 0 | I140: =SUM(E140:H140) -> 0 | J140: =IF(D140=I140,"●","✖") -> ●
A141: 140 | B141: ZE | C141: 台南成功 | D141: =SUMIF(門市請款明細表!$H$3:$H$1981,$C141,門市請款明細表!$J$3:$J$1981) -> 0 | E141: =SUMIFS(門市請款明細表!$J$3:$J$1981,門市請款明細表!$H$3:$H$1981,$C141,門市請款明細表!$I$3:$I$1981,E$1) -> 0 | F141: =SUMIFS(門市請款明細表!$J$3:$J$1981,門市請款明細表!$H$3:$H$1981,$C141,門市請款明細表!$I$3:$I$1981,F$1) -> 0 | G141: =SUMIFS(門市請款明細表!$J$3:$J$1981,門市請款明細表!$H$3:$H$1981,$C141,門市請款明細表!$I$3:$I$1981,G$1) -> 0 | H141: =SUMIFS(門市請款明細表!$J$3:$J$1981,門市請款明細表!$H$3:$H$1981,$C141,門市請款明細表!$I$3:$I$1981,H$1) -> 0 | I141: =SUM(E141:H141) -> 0 | J141: =IF(D141=I141,"●","✖") -> ●
A142: 141 | B142: ZE | C142: 台南東門 | D142: =SUMIF(門市請款明細表!$H$3:$H$1981,$C142,門市請款明細表!$J$3:$J$1981) -> 0 | E142: =SUMIFS(門市請款明細表!$J$3:$J$1981,門市請款明細表!$H$3:$H$1981,$C142,門市請款明細表!$I$3:$I$1981,E$1) -> 0 | F142: =SUMIFS(門市請款明細表!$J$3:$J$1981,門市請款明細表!$H$3:$H$1981,$C142,門市請款明細表!$I$3:$I$1981,F$1) -> 0 | G142: =SUMIFS(門市請款明細表!$J$3:$J$1981,門市請款明細表!$H$3:$H$1981,$C142,門市請款明細表!$I$3:$I$1981,G$1) -> 0 | H142: =SUMIFS(門市請款明細表!$J$3:$J$1981,門市請款明細表!$H$3:$H$1981,$C142,門市請款明細表!$I$3:$I$1981,H$1) -> 0 | I142: =SUM(E142:H142) -> 0 | J142: =IF(D142=I142,"●","✖") -> ●
... A187: 186 | B187: ZV2 | C187: 桃園國際機場(一航入) | D187: =SUMIF(門市請款明細表!$H$3:$H$1981,$C187,門市請款明細表!$J$3:$J$1981) -> 0 | E187: =SUMIFS(門市請款明細表!$J$3:$J$1981,門市請款明細表!$H$3:$H$1981,$C187,門市請款明細表!$I$3:$I$1981,E$1) -> 0 | F187: =SUMIFS(門市請款明細表!$J$3:$J$1981,門市請款明細表!$H$3:$H$1981,$C187,門市請款明細表!$I$3:$I$1981,F$1) -> 0 | G187: =SUMIFS(門市請款明細表!$J$3:$J$1981,門市請款明細表!$H$3:$H$1981,$C187,門市請款明細表!$I$3:$I$1981,G$1) -> 0 | H187: =SUMIFS(門市請款明細表!$J$3:$J$1981,門市請款明細表!$H$3:$H$1981,$C187,門市請款明細表!$I$3:$I$1981,H$1) -> 0 | I187: =SUM(E187:H187) -> 0 | J187: =IF(D187=I187,"●","✖") -> ●
B188: ZV2 | C188: 桃園國際機場(一航出) | D188: =SUMIF(門市請款明細表!$H$3:$H$1981,$C188,門市請款明細表!$J$3:$J$1981) -> 0 | E188: =SUMIFS(門市請款明細表!$J$3:$J$1981,門市請款明細表!$H$3:$H$1981,$C188,門市請款明細表!$I$3:$I$1981,E$1) -> 0 | F188: =SUMIFS(門市請款明細表!$J$3:$J$1981,門市請款明細表!$H$3:$H$1981,$C188,門市請款明細表!$I$3:$I$1981,F$1) -> 0 | G188: =SUMIFS(門市請款明細表!$J$3:$J$1981,門市請款明細表!$H$3:$H$1981,$C188,門市請款明細表!$I$3:$I$1981,G$1) -> 0 | H188: =SUMIFS(門市請款明細表!$J$3:$J$1981,門市請款明細表!$H$3:$H$1981,$C188,門市請款明細表!$I$3:$I$1981,H$1) -> 0 | I188: =SUM(E188:H188) -> 0 | J188: =IF(D188=I188,"●","✖") -> ●
B189: ZV2 | C189: 桃園國際機場(一航入管制區) | D189: =SUMIF(門市請款明細表!$H$3:$H$1981,$C189,門市請款明細表!$J$3:$J$1981) -> 0 | E189: =SUMIFS(門市請款明細表!$J$3:$J$1981,門市請款明細表!$H$3:$H$1981,$C189,門市請款明細表!$I$3:$I$1981,E$1) -> 0 | F189: =SUMIFS(門市請款明細表!$J$3:$J$1981,門市請款明細表!$H$3:$H$1981,$C189,門市請款明細表!$I$3:$I$1981,F$1) -> 0 | G189: =SUMIFS(門市請款明細表!$J$3:$J$1981,門市請款明細表!$H$3:$H$1981,$C189,門市請款明細表!$I$3:$I$1981,G$1) -> 0 | H189: =SUMIFS(門市請款明細表!$J$3:$J$1981,門市請款明細表!$H$3:$H$1981,$C189,門市請款明細表!$I$3:$I$1981,H$1) -> 0 | I189: =SUM(E189:H189) -> 0 | J189: =IF(D189=I189,"●","✖") -> ●
B190: ZV2 | C190: 桃園國際機場(二航出) | D190: =SUMIF(門市請款明細表!$H$3:$H$1981,$C190,門市請款明細表!$J$3:$J$1981) -> 0 | E190: =SUMIFS(門市請款明細表!$J$3:$J$1981,門市請款明細表!$H$3:$H$1981,$C190,門市請款明細表!$I$3:$I$1981,E$1) -> 0 | F190: =SUMIFS(門市請款明細表!$J$3:$J$1981,門市請款明細表!$H$3:$H$1981,$C190,門市請款明細表!$I$3:$I$1981,F$1) -> 0 | G190: =SUMIFS(門市請款明細表!$J$3:$J$1981,門市請款明細表!$H$3:$H$1981,$C190,門市請款明細表!$I$3:$I$1981,G$1) -> 0 | H190: =SUMIFS(門市請款明細表!$J$3:$J$1981,門市請款明細表!$H$3:$H$1981,$C190,門市請款明細表!$I$3:$I$1981,H$1) -> 0 | I190: =SUM(E190:H190) -> 0 | J190: =IF(D190=I190,"●","✖") -> ●
B191: ZV2 | C191: 桃園國際機場(二航入) | D191: =SUMIF(門市請款明細表!$H$3:$H$1981,$C191,門市請款明細表!$J$3:$J$1981) -> 0 | E191: =SUMIFS(門市請款明細表!$J$3:$J$1981,門市請款明細表!$H$3:$H$1981,$C191,門市請款明細表!$I$3:$I$1981,E$1) -> 0 | F191: =SUMIFS(門市請款明細表!$J$3:$J$1981,門市請款明細表!$H$3:$H$1981,$C191,門市請款明細表!$I$3:$I$1981,F$1) -> 0 | G191: =SUMIFS(門市請款明細表!$J$3:$J$1981,門市請款明細表!$H$3:$H$1981,$C191,門市請款明細表!$I$3:$I$1981,G$1) -> 0 | H191: =SUMIFS(門市請款明細表!$J$3:$J$1981,門市請款明細表!$H$3:$H$1981,$C191,門市請款明細表!$I$3:$I$1981,H$1) -> 0 | I191: =SUM(E191:H191) -> 0 | J191: =IF(D191=I191,"●","✖") -> ●
A192: 187 | C192: 北台中辦公室 | D192: =SUMIF(門市請款明細表!$H$3:$H$1981,$C192,門市請款明細表!$J$3:$J$1981) -> 0 | E192: =SUMIFS(門市請款明細表!$J$3:$J$1981,門市請款明細表!$H$3:$H$1981,$C192,門市請款明細表!$I$3:$I$1981,E$1) -> 0 | F192: =SUMIFS(門市請款明細表!$J$3:$J$1981,門市請款明細表!$H$3:$H$1981,$C192,門市請款明細表!$I$3:$I$1981,F$1) -> 0 | G192: =SUMIFS(門市請款明細表!$J$3:$J$1981,門市請款明細表!$H$3:$H$1981,$C192,門市請款明細表!$I$3:$I$1981,G$1) -> 0 | H192: =SUMIFS(門市請款明細表!$J$3:$J$1981,門市請款明細表!$H$3:$H$1981,$C192,門市請款明細表!$I$3:$I$1981,H$1) -> 0 | I192: =SUM(E192:H192) -> 0 | J192: =IF(D192=I192,"●","✖") -> ●
A193: 188 | B193: Z25-客 | C193: 高雄辦公室 | D193: =SUMIF(門市請款明細表!$H$3:$H$1981,$C193,門市請款明細表!$J$3:$J$1981) -> 0 | E193: =SUMIFS(門市請款明細表!$J$3:$J$1981,門市請款明細表!$H$3:$H$1981,$C193,門市請款明細表!$I$3:$I$1981,E$1) -> 0 | F193: =SUMIFS(門市請款明細表!$J$3:$J$1981,門市請款明細表!$H$3:$H$1981,$C193,門市請款明細表!$I$3:$I$1981,F$1) -> 0 | G193: =SUMIFS(門市請款明細表!$J$3:$J$1981,門市請款明細表!$H$3:$H$1981,$C193,門市請款明細表!$I$3:$I$1981,G$1) -> 0 | H193: =SUMIFS(門市請款明細表!$J$3:$J$1981,門市請款明細表!$H$3:$H$1981,$C193,門市請款明細表!$I$3:$I$1981,H$1) -> 0 | I193: =SUM(E193:H193) -> 0 | J193: =IF(D193=I193,"●","✖") -> ●
A194: 189 | B194: ZV1 | C194: 七堵 | D194: =SUMIF(門市請款明細表!$H$3:$H$1981,$C194,門市請款明細表!$J$3:$J$1981) -> 0 | E194: =SUMIFS(門市請款明細表!$J$3:$J$1981,門市請款明細表!$H$3:$H$1981,$C194,門市請款明細表!$I$3:$I$1981,E$1) -> 0 | F194: =SUMIFS(門市請款明細表!$J$3:$J$1981,門市請款明細表!$H$3:$H$1981,$C194,門市請款明細表!$I$3:$I$1981,F$1) -> 0 | G194: =SUMIFS(門市請款明細表!$J$3:$J$1981,門市請款明細表!$H$3:$H$1981,$C194,門市請款明細表!$I$3:$I$1981,G$1) -> 0 | H194: =SUMIFS(門市請款明細表!$J$3:$J$1981,門市請款明細表!$H$3:$H$1981,$C194,門市請款明細表!$I$3:$I$1981,H$1) -> 0 | I194: =SUM(E194:H194) -> 0 | J194: =IF(D194=I194,"●","✖") -> ●
A195: 190 | B195: ZC | C195: 和美 | D195: =SUMIF(門市請款明細表!$H$3:$H$1981,$C195,門市請款明細表!$J$3:$J$1981) -> 0 | E195: =SUMIFS(門市請款明細表!$J$3:$J$1981,門市請款明細表!$H$3:$H$1981,$C195,門市請款明細表!$I$3:$I$1981,E$1) -> 0 | F195: =SUMIFS(門市請款明細表!$J$3:$J$1981,門市請款明細表!$H$3:$H$1981,$C195,門市請款明細表!$I$3:$I$1981,F$1) -> 0 | G195: =SUMIFS(門市請款明細表!$J$3:$J$1981,門市請款明細表!$H$3:$H$1981,$C195,門市請款明細表!$I$3:$I$1981,G$1) -> 0 | H195: =SUMIFS(門市請款明細表!$J$3:$J$1981,門市請款明細表!$H$3:$H$1981,$C195,門市請款明細表!$I$3:$I$1981,H$1) -> 0 | I195: =SUM(E195:H195) -> 0 | J195: =IF(D195=I195,"●","✖") -> ●
A196: 191 | B196: ZC | C196: 林內 | D196: =SUMIF(門市請款明細表!$H$3:$H$1981,$C196,門市請款明細表!$J$3:$J$1981) -> 0 | E196: =SUMIFS(門市請款明細表!$J$3:$J$1981,門市請款明細表!$H$3:$H$1981,$C196,門市請款明細表!$I$3:$I$1981,E$1) -> 0 | F196: =SUMIFS(門市請款明細表!$J$3:$J$1981,門市請款明細表!$H$3:$H$1981,$C196,門市請款明細表!$I$3:$I$1981,F$1) -> 0 | G196: =SUMIFS(門市請款明細表!$J$3:$J$1981,門市請款明細表!$H$3:$H$1981,$C196,門市請款明細表!$I$3:$I$1981,G$1) -> 0 | H196: =SUMIFS(門市請款明細表!$J$3:$J$1981,門市請款明細表!$H$3:$H$1981,$C196,門市請款明細表!$I$3:$I$1981,H$1) -> 0 | I196: =SUM(E196:H196) -> 0 | J196: =IF(D196=I196,"●","✖") -> ●
A197: 192 | B197: ZC | C197: 大埤 | D197: =SUMIF(門市請款明細表!$H$3:$H$1981,$C197,門市請款明細表!$J$3:$J$1981) -> 0 | E197: =SUMIFS(門市請款明細表!$J$3:$J$1981,門市請款明細表!$H$3:$H$1981,$C197,門市請款明細表!$I$3:$I$1981,E$1) -> 0 | F197: =SUMIFS(門市請款明細表!$J$3:$J$1981,門市請款明細表!$H$3:$H$1981,$C197,門市請款明細表!$I$3:$I$1981,F$1) -> 0 | G197: =SUMIFS(門市請款明細表!$J$3:$J$1981,門市請款明細表!$H$3:$H$1981,$C197,門市請款明細表!$I$3:$I$1981,G$1) -> 0 | H197: =SUMIFS(門市請款明細表!$J$3:$J$1981,門市請款明細表!$H$3:$H$1981,$C197,門市請款明細表!$I$3:$I$1981,H$1) -> 0 | I197: =SUM(E197:H197) -> 0 | J197: =IF(D197=I197,"●","✖") -> ●
A198: 193 | B198: ZC | C198: 崙背 | D198: =SUMIF(門市請款明細表!$H$3:$H$1981,$C198,門市請款明細表!$J$3:$J$1981) -> 0 | E198: =SUMIFS(門市請款明細表!$J$3:$J$1981,門市請款明細表!$H$3:$H$1981,$C198,門市請款明細表!$I$3:$I$1981,E$1) -> 0 | F198: =SUMIFS(門市請款明細表!$J$3:$J$1981,門市請款明細表!$H$3:$H$1981,$C198,門市請款明細表!$I$3:$I$1981,F$1) -> 0 | G198: =SUMIFS(門市請款明細表!$J$3:$J$1981,門市請款明細表!$H$3:$H$1981,$C198,門市請款明細表!$I$3:$I$1981,G$1) -> 0 | H198: =SUMIFS(門市請款明細表!$J$3:$J$1981,門市請款明細表!$H$3:$H$1981,$C198,門市請款明細表!$I$3:$I$1981,H$1) -> 0 | I198: =SUM(E198:H198) -> 0 | J198: =IF(D198=I198,"●","✖") -> ●
A199: 194 | B199: ZC | C199: 莿桐 | D199: =SUMIF(門市請款明細表!$H$3:$H$1981,$C199,門市請款明細表!$J$3:$J$1981) -> 0 | E199: =SUMIFS(門市請款明細表!$J$3:$J$1981,門市請款明細表!$H$3:$H$1981,$C199,門市請款明細表!$I$3:$I$1981,E$1) -> 0 | F199: =SUMIFS(門市請款明細表!$J$3:$J$1981,門市請款明細表!$H$3:$H$1981,$C199,門市請款明細表!$I$3:$I$1981,F$1) -> 0 | G199: =SUMIFS(門市請款明細表!$J$3:$J$1981,門市請款明細表!$H$3:$H$1981,$C199,門市請款明細表!$I$3:$I$1981,G$1) -> 0 | H199: =SUMIFS(門市請款明細表!$J$3:$J$1981,門市請款明細表!$H$3:$H$1981,$C199,門市請款明細表!$I$3:$I$1981,H$1) -> 0 | I199: =SUM(E199:H199) -> 0 | J199: =IF(D199=I199,"●","✖") -> ●
A200: 195 | B200: ZF | C200: 建新 | D200: =SUMIF(門市請款明細表!$H$3:$H$1981,$C200,門市請款明細表!$J$3:$J$1981) -> 0 | E200: =SUMIFS(門市請款明細表!$J$3:$J$1981,門市請款明細表!$H$3:$H$1981,$C200,門市請款明細表!$I$3:$I$1981,E$1) -> 0 | F200: =SUMIFS(門市請款明細表!$J$3:$J$1981,門市請款明細表!$H$3:$H$1981,$C200,門市請款明細表!$I$3:$I$1981,F$1) -> 0 | G200: =SUMIFS(門市請款明細表!$J$3:$J$1981,門市請款明細表!$H$3:$H$1981,$C200,門市請款明細表!$I$3:$I$1981,G$1) -> 0 | H200: =SUMIFS(門市請款明細表!$J$3:$J$1981,門市請款明細表!$H$3:$H$1981,$C200,門市請款明細表!$I$3:$I$1981,H$1) -> 0 | I200: =SUM(E200:H200) -> 0 | J200: =IF(D200=I200,"●","✖") -> ●
A201: 196 | B201: ZF | C201: 北埔 | D201: =SUMIF(門市請款明細表!$H$3:$H$1981,$C201,門市請款明細表!$J$3:$J$1981) -> 0 | E201: =SUMIFS(門市請款明細表!$J$3:$J$1981,門市請款明細表!$H$3:$H$1981,$C201,門市請款明細表!$I$3:$I$1981,E$1) -> 0 | F201: =SUMIFS(門市請款明細表!$J$3:$J$1981,門市請款明細表!$H$3:$H$1981,$C201,門市請款明細表!$I$3:$I$1981,F$1) -> 0 | G201: =SUMIFS(門市請款明細表!$J$3:$J$1981,門市請款明細表!$H$3:$H$1981,$C201,門市請款明細表!$I$3:$I$1981,G$1) -> 0 | H201: =SUMIFS(門市請款明細表!$J$3:$J$1981,門市請款明細表!$H$3:$H$1981,$C201,門市請款明細表!$I$3:$I$1981,H$1) -> 0 | I201: =SUM(E201:H201) -> 0 | J201: =IF(D201=I201,"●","✖") -> ●
A202: 197 | B202: ZF | C202: 竹東 | D202: =SUMIF(門市請款明細表!$H$3:$H$1981,$C202,門市請款明細表!$J$3:$J$1981) -> 0 | E202: =SUMIFS(門市請款明細表!$J$3:$J$1981,門市請款明細表!$H$3:$H$1981,$C202,門市請款明細表!$I$3:$I$1981,E$1) -> 0 | F202: =SUMIFS(門市請款明細表!$J$3:$J$1981,門市請款明細表!$H$3:$H$1981,$C202,門市請款明細表!$I$3:$I$1981,F$1) -> 0 | G202: =SUMIFS(門市請款明細表!$J$3:$J$1981,門市請款明細表!$H$3:$H$1981,$C202,門市請款明細表!$I$3:$I$1981,G$1) -> 0 | H202: =SUMIFS(門市請款明細表!$J$3:$J$1981,門市請款明細表!$H$3:$H$1981,$C202,門市請款明細表!$I$3:$I$1981,H$1) -> 0 | I202: =SUM(E202:H202) -> 0 | J202: =IF(D202=I202,"●","✖") -> ●
A203: 198 | B203: ZF | C203: 關西 | D203: =SUMIF(門市請款明細表!$H$3:$H$1981,$C203,門市請款明細表!$J$3:$J$1981) -> 0 | E203: =SUMIFS(門市請款明細表!$J$3:$J$1981,門市請款明細表!$H$3:$H$1981,$C203,門市請款明細表!$I$3:$I$1981,E$1) -> 0 | F203: =SUMIFS(門市請款明細表!$J$3:$J$1981,門市請款明細表!$H$3:$H$1981,$C203,門市請款明細表!$I$3:$I$1981,F$1) -> 0 | G203: =SUMIFS(門市請款明細表!$J$3:$J$1981,門市請款明細表!$H$3:$H$1981,$C203,門市請款明細表!$I$3:$I$1981,G$1) -> 0 | H203: =SUMIFS(門市請款明細表!$J$3:$J$1981,門市請款明細表!$H$3:$H$1981,$C203,門市請款明細表!$I$3:$I$1981,H$1) -> 0 | I203: =SUM(E203:H203) -> 0 | J203: =IF(D203=I203,"●","✖") -> ●
A204: 199 | B204: ZF | C204: 新埔 | D204: =SUMIF(門市請款明細表!$H$3:$H$1981,$C204,門市請款明細表!$J$3:$J$1981) -> 0 | E204: =SUMIFS(門市請款明細表!$J$3:$J$1981,門市請款明細表!$H$3:$H$1981,$C204,門市請款明細表!$I$3:$I$1981,E$1) -> 0 | F204: =SUMIFS(門市請款明細表!$J$3:$J$1981,門市請款明細表!$H$3:$H$1981,$C204,門市請款明細表!$I$3:$I$1981,F$1) -> 0 | G204: =SUMIFS(門市請款明細表!$J$3:$J$1981,門市請款明細表!$H$3:$H$1981,$C204,門市請款明細表!$I$3:$I$1981,G$1) -> 0 | H204: =SUMIFS(門市請款明細表!$J$3:$J$1981,門市請款明細表!$H$3:$H$1981,$C204,門市請款明細表!$I$3:$I$1981,H$1) -> 0 | I204: =SUM(E204:H204) -> 0 | J204: =IF(D204=I204,"●","✖") -> ●
... A431: 426 | B431: ZE | C431: 興業 | D431: =SUMIF(門市請款明細表!$H$3:$H$1981,$C431,門市請款明細表!$J$3:$J$1981) -> 0 | E431: =SUMIFS(門市請款明細表!$J$3:$J$1981,門市請款明細表!$H$3:$H$1981,$C431,門市請款明細表!$I$3:$I$1981,E$1) -> 0 | F431: =SUMIFS(門市請款明細表!$J$3:$J$1981,門市請款明細表!$H$3:$H$1981,$C431,門市請款明細表!$I$3:$I$1981,F$1) -> 0 | G431: =SUMIFS(門市請款明細表!$J$3:$J$1981,門市請款明細表!$H$3:$H$1981,$C431,門市請款明細表!$I$3:$I$1981,G$1) -> 0 | H431: =SUMIFS(門市請款明細表!$J$3:$J$1981,門市請款明細表!$H$3:$H$1981,$C431,門市請款明細表!$I$3:$I$1981,H$1) -> 0 | I431: =SUM(E431:H431) -> 0 | J431: =IF(D431=I431,"●","✖") -> ●
A432: 小計 | E432: =SUBTOTAL(9,E2:E431) -> 0 | F432: =SUBTOTAL(9,F2:F431) -> 0 | G432: =SUBTOTAL(9,G2:G431) -> 0 | H432: =SUBTOTAL(9,H2:H431) -> 0 | I432: =SUM(E432:H432) -> 0
A433: 合計 | E433: =SUM(E432:H432) -> 0

Sheet 客編設定
A2: A | B2: 台北 | C2: N | D2: 彰化
A3: B | B3: 台中 | C3: O | D3: 新竹市
A4: C | B4: 基隆 | C4: P | D4: 雲林
A5: D | B5: 台南 | C5: Q | D5: 嘉義縣
A6: E | B6: 高雄 | C6: R | D6: 管理
A7: F | B7: 新北 | C7: S | D7: 行銷
A8: G | B8: 宜蘭 | C8: T | D8: 屏東
A9: H | B9: 桃園 | C9: U | D9: 花蓮
A10: I | B10: 嘉義市 | C10: V | D10: 台東
A11: J | B11: 新竹縣 | C11: W | D11: 金門
A12: K | B12: 苗栗 | C12: X | D12: 澎湖
A13: L | B13: 通路營運 | C13: Y
A14: M | B14: 南投 | C14: Z | D14: 連江
A16: 1~6 | B16: 營業處
A17: 7 | B17: 通路

Sheet 合約與計費
A2: 項次 | B2: 項目名稱 | C2: 租賃數量 | D2: 列印單價(含稅) | F2: 備註
D3: 黑白單張 | E3: 彩色單張
A4: 1 | B4: (黑白)單功能事務機 型號: 環章編號: | C4: 1280 | D4: 0.296 | E4: 2.8 | F4: 事務機計數器跳表次數之計算，不論紙張大小、黑白或彩色，每次影印一律以每張(1次)計數(單面計數1次，雙面計數2次)
A5: 2 | B5: (黑白)多功能事務機 型號: 環章編號: | C5: 304
A6: 3 | B6: (彩色)多功能事務機 型號: 環章編號: | C6: 376
A7: 4年(48個月)總金額合計新臺幣 | E7: 27069555 | G7: 元
A9: 合約期間:裝機日至118年1月4日，後續續約1年。
A11: 案 號：113GA011號於114年1月16日開標，自決標日起至118年1月4日止，共48期，無論實際裝機時間長短，
A12: 本契約租賃期間屆滿即所有機台停止租賃，如雙方合作良好，本公司得視需求於契約屆滿前30日通知得標
A13: 廠商依本契約相同條件續約一年，並以一次為限。
A15: *計費方式:無月租費，列印實印實收需扣誤印率3%，主機板故障取前三個月平均用量。
A16: *每月5日前提供請款資料(工程師抄表單電子檔、用量頁電子檔、Excel表)給李欣慈，20日開電子發票e-mail:carali@honghwa.com.tw李欣慈。
A17: *人損另報價李欣慈，口頭告知機器進水或蟑螂機不維修以換機處理。
A18: *長假或過年提供值班表。
A19: *年底會提早關帳，要確認開發票時間。
A20: *空匣需工程師抄表回收，遺失空匣支付300元未稅。
A21: 遺失全新碳粉匣依照"共同共應契約的公告價格"收費。(114/3/5 jason e-mail欣慈)
A22: *danny提出希望閉點或移機請提早半個月通知。
A23: *全案驗收提供裝機確認書+初始用量頁電子檔免紙本，裝機確認書+初始用量頁為一組，多台即照順序掃在一起，門市為一個檔案，安裝完畢一次給(以處、部區分)。

Sheet DPCache_1968台
A1: 序號 | B1: 設備編號 | C1: 門市 | D1: 機型 | E1: 惠傑申請型號 | F1: 現有型號 | G1: 營運別 | H1: 部別 | I1: 地址 | J1: 電話 | K1: 營業時間 | L1: 備註
A2: 1 | B2: AT701 | C2: 基隆 | D2: L6400DW | E2: 黑白單功能 | F2: 黑白單功能 | G2: 營運二處 | H2: 基隆部 | I2: 基隆市仁愛區仁一路321號 | J2: 02-24210467 | K2: 週一至週五 09:00~21:00 週六至週日 13:00~21:00
A3: 2 | B3: AT704 | C3: 基隆 | D3: L6400DW | E3: 黑白單功能 | F3: 黑白單功能 | G3: 營運二處 | H3: 基隆部 | I3: 基隆市仁愛區仁一路321號 | J3: 02-24210467 | K3: 週一至週五 09:00~21:00 週六至週日 13:00~21:00
A4: 3 | B4: AT705 | C4: 基隆 | D4: L6400DW | E4: 黑白單功能 | F4: 黑白單功能 | G4: 營運二處 | H4: 基隆部 | I4: 基隆市仁愛區仁一路321號 | J4: 02-24210467 | K4: 週一至週五 09:00~21:00 週六至週日 13:00~21:00
A5: 4 | B5: AT706 | C5: 基隆 | D5: L6400DW | E5: 黑白單功能 | F5: 黑白單功能 | G5: 營運二處 | H5: 基隆部 | I5: 基隆市仁愛區仁一路321號 | J5: 02-24210467 | K5: 週一至週五 09:00~21:00 週六至週日 13:00~21:00
A6: 5 | B6: AT707 | C6: 基隆 | D6: L6400DW | E6: 黑白單功能 | F6: 黑白單功能 | G6: 營運二處 | H6: 基隆部 | I6: 基隆市仁愛區仁一路321號 | J6: 02-24210467 | K6: 週一至週五 09:00~21:00 週六至週日 13:00~21:00
A7: 6 | B7: AT708 | C7: 基隆 | D7: L6400DW | E7: 黑白單功能 | F7: 黑白單功能 | G7: 營運二處 | H7: 基隆部 | I7: 基隆市仁愛區仁一路321號 | J7: 02-24210467 | K7: 週一至週五 09:00~21:00 週六至週日 13:00~21:00
A8: 7 | B8: AT709 | C8: 基隆 | D8: L6400DW | E8: 黑白單功能 | F8: 黑白單功能 | G8: 營運二處 | H8: 基隆部 | I8: 基隆市仁愛區仁一路321號 | J8: 02-24210467 | K8: 週一至週五 09:00~21:00 週六至週日 13:00~21:00
A9: 8 | B9: AT710 | C9: 基隆 | D9: L6400DW | E9: 黑白單功能 | F9: 黑白單功能 | G9: 營運二處 | H9: 基隆部 | I9: 基隆市仁愛區仁一路321號 | J9: 02-24210467 | K9: 週一至週五 09:00~21:00 週六至週日 13:00~21:00
A10: 9 | B10: AT711 | C10: 基隆 | D10: L6400DW | E10: 黑白單功能 | F10: 黑白單功能 | G10: 營運二處 | H10: 基隆部 | I10: 基隆市仁愛區仁一路321號 | J10: 02-24210467 | K10: 週一至週五 09:00~21:00 週六至週日 13:00~21:00
A11: 10 | B11: AT712 | C11: 基隆 | D11: L6400DW | E11: 黑白單功能 | F11: 黑白單功能 | G11: 營運二處 | H11: 基隆部 | I11: 基隆市仁愛區仁一路321號 | J11: 02-24210467 | K11: 週一至週五 09:00~21:00 週六至週日 13:00~21:00
A12: 11 | B12: AT713 | C12: 基隆 | D12: L6400DW | E12: 黑白單功能 | F12: 黑白單功能 | G12: 營運二處 | H12: 基隆部 | I12: 基隆市仁愛區仁一路321號 | J12: 02-24210467 | K12: 週一至週五 09:00~21:00 週六至週日 13:00~21:00
A13: 12 | B13: AT714 | C13: 基隆 | D13: L6400DW | E13: 黑白單功能 | F13: 黑白單功能 | G13: 營運二處 | H13: 基隆部 | I13: 基隆市仁愛區仁一路321號 | J13: 02-24210467 | K13: 週一至週五 09:00~21:00 週六至週日 13:00~21:00
... A170: 169 | B170: AT006 | C170: 台北公園 | D170: L3750CDW | E170: 彩色多功能 | F170: 彩色多功能 | G170: 營運一處 | H170: 台北二部 | I170: 台北市中正區公園路18號 | J170: 02-23708688 | K170: 週一至週日11:00~21:00
A171: 170 | B171: AT007 | C171: 台北公園 | D171: L6900DW | E171: 黑白多功能 | F171: 黑白多功能 | G171: 營運一處 | H171: 台北二部 | I171: 台北市中正區公園路18號 | J171: 02-23708688 | K171: 週一至週日11:00~21:00 | L171: 測機安裝門市
A172: 171 | B172: AT008 | C172: 台北公園 | D172: L6400DW | E172: 黑白單功能 | F172: 黑白單功能 | G172: 營運一處 | H172: 台北二部 | I172: 台北市中正區公園路18號 | J172: 02-23708688 | K172: 週一至週日11:00~21:00 | L172: 測機安裝門市
A173: 172 | B173: AT009 | C173: 台北公園 | D173: L6400DW | E173: 黑白單功能 | F173: 黑白單功能 | G173: 營運一處 | H173: 台北二部 | I173: 台北市中正區公園路18號 | J173: 02-23708688 | K173: 週一至週日11:00~21:00
A174: 173 | B174: AT010 | C174: 台北公園 | D174: L6400DW | E174: 黑白單功能 | F174: 黑白單功能 | G174: 營運一處 | H174: 台北二部 | I174: 台北市中正區公園路18號 | J174: 02-23708688 | K174: 週一至週日11:00~21:00
A175: 174 | B175: AT011 | C175: 台北公園 | D175: L6400DW | E175: 黑白單功能 | F175: 黑白單功能 | G175: 營運一處 | H175: 台北二部 | I175: 台北市中正區公園路18號 | J175: 02-23708688 | K175: 週一至週日11:00~21:00
A176: 175 | B176: AT193 | C176: 台北南區 | D176: L6400DW | E176: 黑白單功能 | F176: 黑白單功能 | G176: 營運一處 | H176: 台北一部 | I176: 台北市中正區仁愛路一段42號 | J176: 02-23442475 | K176: 週一至週六09:00~18:00
A177: 176 | B177: AT195 | C177: 台北南區 | D177: L6400DW | E177: 黑白單功能 | F177: 黑白單功能 | G177: 營運一處 | H177: 台北一部 | I177: 台北市中正區仁愛路一段42號 | J177: 02-23442475 | K177: 週一至週六09:00~18:00
A178: 177 | B178: AT196 | C178: 台北南區 | D178: L6400DW | E178: 黑白單功能 | F178: 黑白單功能 | G178: 營運一處 | H178: 台北一部 | I178: 台北市中正區仁愛路一段42號 | J178: 02-23442475 | K178: 週一至週六09:00~18:00
A179: 178 | B179: AT197 | C179: 台北南區 | D179: L6400DW | E179: 黑白單功能 | F179: 黑白單功能 | G179: 營運一處 | H179: 台北一部 | I179: 台北市中正區仁愛路一段42號 | J179: 02-23442475 | K179: 週一至週六09:00~18:00
A180: 179 | B180: AT198 | C180: 台北南區 | D180: L6400DW | E180: 黑白單功能 | F180: 黑白單功能 | G180: 營運一處 | H180: 台北一部 | I180: 台北市中正區仁愛路一段42號 | J180: 02-23442475 | K180: 週一至週六09:00~18:00
A181: 180 | B181: AT199 | C181: 台北南區 | D181: L6400DW | E181: 黑白單功能 | F181: 黑白單功能 | G181: 營運一處 | H181: 台北一部 | I181: 台北市中正區仁愛路一段42號 | J181: 02-23442475 | K181: 週一至週六09:00~18:00
A182: 181 | B182: AT200 | C182: 台北南區 | D182: L6400DW | E182: 黑白單功能 | F182: 黑白單功能 | G182: 營運一處 | H182: 台北一部 | I182: 台北市中正區仁愛路一段42號 | J182: 02-23442475 | K182: 週一至週六09:00~18:00
A183: 182 | B183: AT231 | C183: 台北南區 | D183: L6400DW | E183: 黑白單功能 | F183: 黑白單功能 | G183: 營運一處 | H183: 台北一部 | I183: 台北市中正區仁愛路一段42號 | J183: 02-23442475 | K183: 週一至週六09:00~18:00
A184: 183 | B184: AT232 | C184: 台北南區 | D184: L6400DW | E184: 黑白單功能 | F184: 黑白單功能 | G184: 營運一處 | H184: 台北一部 | I184: 台北市中正區仁愛路一段42號 | J184: 02-23442475 | K184: 週一至週六09:00~18:00
... A741: 740 | B741: AQ390 | C741: 豐原中山 | D741: L6400DW | E741: 黑白單功能 | F741: 黑白單功能 | G741: 營運四處 | H741: 中三部 | I741: 台中市豐原區中山路412號 | J741: 04-25123414 | K741: 週一至週日11:00~21:00
A742: 741 | B742: AQ370 | C742: 大墩 | D742: L6400DW | E742: 黑白單功能 | F742: 黑白單功能 | G742: 營運四處 | H742: 中四部 | I742: 台中市西屯區大墩路932號 | J742: 04-23282098 | K742: 週一至週日13:00~21:00 | L742: 優先汰換
A743: 742 | B743: AQ371 | C743: 大墩 | D743: L6900DW | E743: 黑白多功能 | F743: 黑白多功能 | G743: 營運四處 | H743: 中四部 | I743: 台中市西屯區大墩路932號 | J743: 04-23282098 | K743: 週一至週日13:00~21:00 | L743: 優先汰換
A744: 743 | B744: AQ372 | C744: 大墩 | D744: L6400DW | E744: 黑白單功能 | F744: 黑白單功能 | G744: 營運四處 | H744: 中四部 | I744: 台中市西屯區大墩路932號 | J744: 04-23282098 | K744: 週一至週日13:00~21:00 | L744: 優先汰換
A745: 744 | B745: AQ373 | C745: 大墩 | D745: L3750CDW | E745: 彩色多功能 | F745: 彩色多功能 | G745: 營運四處 | H745: 中四部 | I745: 台中市西屯區大墩路932號 | J745: 04-23282098 | K745: 週一至週日13:00~21:00 | L745: 優先汰換
A746: 745 | B746: AQ352 | C746: 北台中 | D746: L6400DW | E746: 黑白單功能 | F746: 黑白單功能 | G746: 營運四處 | H746: 中一部 | I746: 台中市北區中清路一段347號 | J746: 04-23445236 | K746: 週一至週六08:30~18:30
A747: 746 | B747: AQ353 | C747: 北台中 | D747: L6400DW | E747: 黑白單功能 | F747: 黑白單功能 | G747: 營運四處 | H747: 中一部 | I747: 台中市北區中清路一段347號 | J747: 04-23445236 | K747: 週一至週六08:30~18:30
A748: 747 | B748: AQ354 | C748: 北台中 | D748: L6400DW | E748: 黑白單功能 | F748: 黑白單功能 | G748: 營運四處 | H748: 中一部 | I748: 台中市北區中清路一段347號 | J748: 04-23445236 | K748: 週一至週六08:30~18:30
A749: 748 | B749: AQ355 | C749: 北台中 | D749: L6400DW | E749: 黑白單功能 | F749: 黑白單功能 | G749: 營運四處 | H749: 中一部 | I749: 台中市北區中清路一段347號 | J749: 04-23445236 | K749: 週一至週六08:30~18:30
A750: 749 | B750: AQ356 | C750: 北台中 | D750: L6400DW | E750: 黑白單功能 | F750: 黑白單功能 | G750: 營運四處 | H750: 中一部 | I750: 台中市北區中清路一段347號 | J750: 04-23445236 | K750: 週一至週六08:30~18:30
A751: 750 | B751: AQ358 | C751: 北台中 | D751: L6400DW | E751: 黑白單功能 | F751: 黑白單功能 | G751: 營運四處 | H751: 中一部 | I751: 台中市北區中清路一段347號 | J751: 04-23445236 | K751: 週一至週六08:30~18:30
A752: 751 | B752: AQ359 | C752: 北台中 | D752: L6900DW | E752: 黑白多功能 | F752: 黑白多功能 | G752: 營運四處 | H752: 中一部 | I752: 台中市北區中清路一段347號 | J752: 04-23445236 | K752: 週一至週六08:30~18:30
A753: 752 | B753: AQ360 | C753: 北台中 | D753: L3750CDW | E753: 彩色多功能 | F753: 彩色多功能 | G753: 營運四處 | H753: 中一部 | I753: 台中市北區中清路一段347號 | J753: 04-23445236 | K753: 週一至週六08:30~18:30
A754: 753 | B754: AV765 | C754: 北台中 | D754: L6900DW | E754: 黑白多功能 | F754: 黑白多功能 | G754: 營運四處 | H754: 中一部 | I754: 台中市北區中清路一段347號 | J754: 04-23445236 | K754: 週一至週六08:30~18:30
A755: 754 | B755: AQ336 | C755: 台中公益 | D755: L6900DW | E755: 黑白多功能 | F755: 黑白多功能 | G755: 營運四處 | H755: 中四部 | I755: 台中市西區精誠路105-8號 | J755: 04-23285911 | K755: 週一至週日13:00~21:00
A756: 755 | B756: AQ337 | C756: 台中公益 | D756: L6400DW | E756: 黑白單功能 | F756: 黑白單功能 | G756: 營運四處 | H756: 中四部 | I756: 台中市西區精誠路105-8號 | J756: 04-23285911 | K756: 週一至週日13:00~21:00
A757: 756 | B757: AQ340 | C757: 台中公益 | D757: L3750CDW | E757: 彩色多功能 | F757: 彩色多功能 | G757: 營運四處 | H757: 中四部 | I757: 台中市西區精誠路105-8號 | J757: 04-23285911 | K757: 週一至週日13:00~21:00
... A1258: 1257 | B1258: AY009 | C1258: 汐止 | D1258: L6900DW | E1258: 黑白多功能 | F1258: 黑白多功能 | G1258: 營運二處 | H1258: 基隆部 | I1258: 新北市汐止區仁愛路12號 | J1258: 02-26416888 | K1258: 週一至週五08:30~17:30 週六09:00~13:00
A1259: 1258 | B1259: AQ245 | C1259: 桃園辦公室 | D1259: L3750CDW | E1259: 彩色多功能 | F1259: 彩色多功能 | G1259: 通路營運三處 | H1259: 桃二部 | I1259: 330桃園市桃園區復興路189號
A1260: 1259 | B1260: AY585 | C1260: 桃園辦公室 | D1260: L3750CDW | E1260: 彩色多功能 | F1260: 彩色多功能 | G1260: 通路營運三處 | H1260: 桃三部 | I1260: 330桃園市桃園區復興路189號
A1261: 1260 | B1261: AQ709 | C1261: 桃園國際機場服務中心(桃園國際機場部)管制區 | D1261: 4012i | E1261: 彩色多功能 | F1261: 黑白複合機 | G1261: 營運三處 | H1261: 桃三部 | I1261: 桃園市大園區航站南路15號(第一航廈出境) | J1261: 03-3932841 | K1261: 一出：週一至週日08:00~22:00 一入：週一至週日07:00~24:00 一入管：週一至週日09:00~24:00 二出：週一至週日07:00~19:00 二入：週一至週日05:00~22:00 | L1261: 先與店長約時間 (店長應維真)
A1262: 1261 | B1262: AQ710 | C1262: 桃園國際機場服務中心(桃園國際機場部) | D1262: L6900DW | E1262: 黑白多功能 | F1262: 黑白多功能 | G1262: 營運三處 | H1262: 桃三部 | I1262: 桃園市大園區航站南路15號(第一航廈出境) | J1262: 03-3932841
A1263: 1262 | B1263: AQ711 | C1263: 桃園國際機場服務中心(桃園國際機場部)桃園機場一航廈入境管制區 | D1263: 4012i | E1263: 彩色多功能 | F1263: 黑白複合機 | G1263: 營運三處 | H1263: 桃三部 | I1263: 桃園市大園區航站南路15號(第一航廈出境) | J1263: 03-3932841
A1264: 1263 | B1264: AQ712 | C1264: 桃園國際機場服務中心(桃園國際機場部)桃園機場一航廈出境 | D1264: 4012i | E1264: 彩色多功能 | F1264: 黑白複合機 | G1264: 營運三處 | H1264: 桃三部 | I1264: 桃園市大園區航站南路15號(第一航廈出境) | J1264: 03-3932841
A1265: 1264 | B1265: AQ713 | C1265: 桃園國際機場服務中心(桃園國際機場部) | D1265: L6900DW | E1265: 黑白多功能 | F1265: 黑白多功能 | G1265: 營運三處 | H1265: 桃三部 | I1265: 桃園市大園區航站南路15號(第一航廈出境) | J1265: 03-3932841
A1266: 1265 | B1266: AQ714 | C1266: 桃園國際機場服務中心(桃園國際機場部)桃園機場二航廈入境 | D1266: 4012i | E1266: 彩色多功能 | F1266: 黑白複合機 | G1266: 營運三處 | H1266: 桃三部 | I1266: 桃園市大園區航站南路15號(第一航廈出境) | J1266: 03-3932841
A1267: 1266 | B1267: AP434 | C1267: 桃園國際機場服務中心(桃園國際機場部)桃園機場二航廈出境 | D1267: 4012i | E1267: 彩色多功能 | F1267: 黑白複合機 | G1267: 營運三處 | H1267: 桃三部 | I1267: 桃園市大園區航站南路15號(第一航廈出境) | J1267: 03-3932841
A1268: 1267 | B1268: AR427 | C1268: 北台中辦公室 | D1268: L6900DW | E1268: 黑白多功能 | F1268: 黑白多功能 | G1268: 通路管理處 | H1268: 管理三部 | I1268: 404臺中市北區中清路一段347號
A1269: 1268 | B1269: AT148 | C1269: 高雄辦公室 | D1269: L3750CDW | E1269: 彩色多功能 | F1269: 彩色多功能 | G1269: 通路行銷處 | H1269: 行銷四部 | I1269: 800高雄市新興區七賢一路18號(通信大樓2樓)
A1270: 1269 | B1270: AT099 | C1270: 七堵 | D1270: L6400DW | E1270: 黑白單功能 | F1270: 黑白單功能 | G1270: 營運二處 | H1270: 基隆部 | I1270: 基隆市七堵區崇智街2-5號 | J1270: 02-24562445 | K1270: 週一至週五08:30~17:30
A1271: 1270 | B1271: AT769 | C1271: 七堵 | D1271: L3750CDW | E1271: 彩色多功能 | F1271: 彩色多功能 | G1271: 營運二處 | H1271: 基隆部 | I1271: 基隆市七堵區崇智街2-5號 | J1271: 02-24562445 | K1271: 週一至週五08:30~17:30
A1272: 1271 | B1272: AT964 | C1272: 七堵 | D1272: L6400DW | E1272: 黑白單功能 | F1272: 黑白單功能 | G1272: 營運二處 | H1272: 基隆部 | I1272: 基隆市七堵區崇智街2-5號 | J1272: 02-24562445 | K1272: 週一至週五08:30~17:30
A1273: 1272 | B1273: AT965 | C1273: 七堵 | D1273: L6400DW | E1273: 黑白單功能 | F1273: 黑白單功能 | G1273: 營運二處 | H1273: 基隆部 | I1273: 基隆市七堵區崇智街2-5號 | J1273: 02-24562445 | K1273: 週一至週五08:30~17:30
A1274: 1273 | B1274: AY554 | C1274: 七堵 | D1274: L6900DW | E1274: 黑白多功能 | F1274: 黑白多功能 | G1274: 營運二處 | H1274: 基隆部 | I1274: 基隆市七堵區崇智街2-5號 | J1274: 02-24562445 | K1274: 週一至週五08:30~17:30
A1275: 1274 | B1275: AT385 | C1275: 和美 | D1275: L3750CDW | E1275: 彩色多功能 | F1275: 彩色多功能 | G1275: 營運四處 | H1275: 彰化一部 | I1275: 彰化縣和美鎮彰美路五段323號 | J1275: 04-7552001 | K1275: 週一至週五08:30~17:30 週六09:00~13:00
A1276: 1275 | B1276: AU172 | C1276: 和美 | D1276: L6400DW | E1276: 黑白單功能 | F1276: 黑白單功能 | G1276: 營運四處 | H1276: 彰化一部 | I1276: 彰化縣和美鎮彰美路五段323號 | J1276: 04-7552001 | K1276: 週一至週五08:30~17:30 週六09:00~13:00
A1277: 1276 | B1277: BG328 | C1277: 和美 | D1277: L6400DW | E1277: 黑白單功能 | F1277: 黑白單功能 | G1277: 營運四處 | H1277: 彰化一部 | I1277: 彰化縣和美鎮彰美路五段323號 | J1277: 04-7552001 | K1277: 週一至週五08:30~17:30 週六09:00~13:00
A1278: 1277 | B1278: BG329 | C1278: 和美 | D1278: L6400DW | E1278: 黑白單功能 | F1278: 黑白單功能 | G1278: 營運四處 | H1278: 彰化一部 | I1278: 彰化縣和美鎮彰美路五段323號 | J1278: 04-7552001 | K1278: 週一至週五08:30~17:30 週六09:00~13:00
A1279: 1278 | B1279: BG326 | C1279: 和美 | D1279: L6400DW | E1279: 黑白單功能 | F1279: 黑白單功能 | G1279: 營運四處 | H1279: 彰化一部 | I1279: 彰化縣和美鎮彰美路五段323號 | J1279: 04-7552001 | K1279: 週一至週五08:30~17:30 週六09:00~13:00
A1280: 1279 | B1280: BG327 | C1280: 和美 | D1280: L6400DW | E1280: 黑白單功能 | F1280: 黑白單功能 | G1280: 營運四處 | H1280: 彰化一部 | I1280: 彰化縣和美鎮彰美路五段323號 | J1280: 04-7552001 | K1280: 週一至週五08:30~17:30 週六09:00~13:00
A1281: 1280 | B1281: AY854 | C1281: 和美 | D1281: L6400DW | E1281: 黑白單功能 | F1281: 黑白單功能 | G1281: 營運四處 | H1281: 彰化一部 | I1281: 彰化縣和美鎮彰美路五段323號 | J1281: 04-7552001 | K1281: 週一至週五08:30~17:30 週六09:00~13:00
... A1289: 1288 | B1289: AT945 | C1289: 大埤 | D1289: L6400DW | E1289: 黑白單功能 | F1289: 黑白單功能 | G1289: 營運五處 | H1289: 雲林部 | I1289: 雲林縣大埤鄉中正路21號 | J1289: 05-5912000 | K1289: 週一至週五08:30~17:30
A1290: 1289 | B1290: AT207 | C1290: 崙背 | D1290: L6400DW | E1290: 黑白單功能 | F1290: 黑白單功能 | G1290: 營運五處 | H1290: 雲林部 | I1290: 雲林縣崙背鄉南光路42號 | J1290: 05-6965001 | K1290: 週一至週五08:30~17:30 | L1290: 優先汰換
A1291: 1290 | B1291: AT208 | C1291: 崙背 | D1291: L3750CDW | E1291: 彩色多功能 | F1291: 彩色多功能 | G1291: 營運五處 | H1291: 雲林部 | I1291: 雲林縣崙背鄉南光路42號 | J1291: 05-6965001 | K1291: 週一至週五08:30~17:30 | L1291: 優先汰換
A1292: 1291 | B1292: AY140 | C1292: 崙背 | D1292: L6400DW | E1292: 黑白單功能 | F1292: 黑白單功能 | G1292: 營運五處 | H1292: 雲林部 | I1292: 雲林縣崙背鄉南光路42號 | J1292: 05-6965001 | K1292: 週一至週五08:30~17:30 | L1292: 優先汰換
A1293: 1292 | B1293: AY156 | C1293: 崙背 | D1293: L6400DW | E1293: 黑白單功能 | F1293: 黑白單功能 | G1293: 營運五處 | H1293: 雲林部 | I1293: 雲林縣崙背鄉南光路42號 | J1293: 05-6965001 | K1293: 週一至週五08:30~17:30 | L1293: 優先汰換
A1294: 1293 | B1294: AT209 | C1294: 莿桐 | D1294: L6900DW | E1294: 黑白多功能 | F1294: 黑白多功能 | G1294: 營運五處 | H1294: 雲林部 | I1294: 雲林縣莿桐鄉和平路74號 | J1294: 05-5842000 | K1294: 週一至週五08:30~17:30
A1295: 1294 | B1295: AT210 | C1295: 莿桐 | D1295: L3750CDW | E1295: 彩色多功能 | F1295: 彩色多功能 | G1295: 營運五處 | H1295: 雲林部 | I1295: 雲林縣莿桐鄉和平路74號 | J1295: 05-5842000 | K1295: 週一至週五08:30~17:30
A1296: 1295 | B1296: AT212 | C1296: 莿桐 | D1296: L6400DW | E1296: 黑白單功能 | F1296: 黑白單功能 | G1296: 營運五處 | H1296: 雲林部 | I1296: 雲林縣莿桐鄉和平路74號 | J1296: 05-5842000 | K1296: 週一至週五08:30~17:30
A1297: 1296 | B1297: AT919 | C1297: 莿桐 | D1297: L6400DW | E1297: 黑白單功能 | F1297: 黑白單功能 | G1297: 營運五處 | H1297: 雲林部 | I1297: 雲林縣莿桐鄉和平路74號 | J1297: 05-5842000 | K1297: 週一至週五08:30~17:30
A1298: 1297 | B1298: AQ103 | C1298: 建新 | D1298: L3750CDW | E1298: 彩色多功能 | F1298: 彩色多功能 | G1298: 營運三處 | H1298: 新竹部 | I1298: 新竹市東區建新路112號 | J1298: 03-5753501 | K1298: 週一至週五08:30~17:30
A1299: 1298 | B1299: AT633 | C1299: 建新 | D1299: L6900DW | E1299: 黑白多功能 | F1299: 黑白多功能 | G1299: 營運三處 | H1299: 新竹部 | I1299: 新竹市東區建新路112號 | J1299: 03-5753501 | K1299: 週一至週五08:30~17:30
A1300: 1299 | B1300: AT601 | C1300: 北埔 | D1300: L6900DW | E1300: 黑白多功能 | F1300: 黑白多功能 | G1300: 營運三處 | H1300: 新竹部 | I1300: 新竹縣北埔鄉北埔街107號 | J1300: 03-5802200 | K1300: 週二、週四08:30~12:30
A1301: 1300 | B1301: AQ109 | C1301: 竹東 | D1301: L3750CDW | E1301: 彩色多功能 | F1301: 彩色多功能 | G1301: 營運三處 | H1301: 新竹部 | I1301: 新竹縣竹東鎮杞林路68號 | J1301: 03-5969431 | K1301: 週一至週五08:30~17:30
A1302: 1301 | B1302: AQ594 | C1302: 竹東 | D1302: L6900DW | E1302: 黑白多功能 | F1302: 黑白多功能 | G1302: 營運三處 | H1302: 新竹部 | I1302: 新竹縣竹東鎮杞林路68號 | J1302: 03-5969431 | K1302: 週一至週五08:30~17:30
A1303: 1302 | B1303: AQ104 | C1303: 關西 | D1303: L3750CDW | E1303: 彩色多功能 | F1303: 彩色多功能 | G1303: 營運三處 | H1303: 新竹部 | I1303: 新竹縣關西鎮正義路53號 | J1303: 03-5872600 | K1303: 週一至週五08:30~17:30
A1304: 1303 | B1304: AQ110 | C1304: 新埔 | D1304: L3750CDW | E1304: 彩色多功能 | F1304: 彩色多功能 | G1304: 營運三處 | H1304: 新竹部 | I1304: 新竹縣新埔鎮中正路208號 | J1304: 03-5882600 | K1304: 週一至週五08:30~17:30
A1305: 1304 | B1305: AQ106 | C1305: 科園 | D1305: L3750CDW | E1305: 彩色多功能 | F1305: 彩色多功能 | G1305: 營運三處 | H1305: 新竹部 | I1305: 新竹市東區園區一路99號 | J1305: 03-5639600 | K1305: 週一至週五09:00~18:00
... A1311: 1310 | B1311: AY213 | C1311: 下營 | D1311: L3750CDW | E1311: 彩色多功能 | F1311: 彩色多功能 | G1311: 營運五處 | H1311: 南一部 | I1311: 台南市下營區中山路一段257號 | J1311: 06-6444740 | K1311: 週一至週五08:30~17:30
A1312: 1311 | B1312: AP080 | C1312: 鹽水 | D1312: L6400DW | E1312: 黑白單功能 | F1312: 黑白單功能 | G1312: 營運五處 | H1312: 南一部 | I1312: 台南市鹽水區南門路132號 | J1312: 06-6441400 | K1312: 週一至週五08:30~17:30 | L1312: 1/24配達門市
A1313: 1312 | B1313: AP079 | C1313: 鹽水 | D1313: L6400DW | E1313: 黑白單功能 | F1313: 黑白單功能 | G1313: 營運五處 | H1313: 南一部 | I1313: 台南市鹽水區南門路132號 | J1313: 06-6441400 | K1313: 週一至週五08:30~17:30
A1314: 1313 | B1314: AQ988 | C1314: 鹽水 | D1314: L3750CDW | E1314: 彩色多功能 | F1314: 彩色多功能 | G1314: 營運五處 | H1314: 南一部 | I1314: 台南市鹽水區南門路132號 | J1314: 06-6441400 | K1314: 週一至週五08:30~17:30
A1315: 1314 | B1315: AQ194 | C1315: 礁溪 | D1315: L3750CDW | E1315: 彩色多功能 | F1315: 彩色多功能 | G1315: 營運二處 | H1315: 宜蘭部 | I1315: 宜蘭縣礁溪鄉礁溪路四段128號 | J1315: 03-9880541 | K1315: 週一至週五08:30~17:30
A1316: 1315 | B1316: AT795 | C1316: 礁溪 | D1316: L6900DW | E1316: 黑白多功能 | F1316: 黑白多功能 | G1316: 營運二處 | H1316: 宜蘭部 | I1316: 宜蘭縣礁溪鄉礁溪路四段128號 | J1316: 03-9880541 | K1316: 週一至週五08:30~17:30
A1317: 1316 | B1317: AY032 | C1317: 礁溪 | D1317: L6400DW | E1317: 黑白單功能 | F1317: 黑白單功能 | G1317: 營運二處 | H1317: 宜蘭部 | I1317: 宜蘭縣礁溪鄉礁溪路四段128號 | J1317: 03-9880541 | K1317: 週一至週五08:30~17:30
A1318: 1317 | B1318: AY033 | C1318: 礁溪 | D1318: L6400DW | E1318: 黑白單功能 | F1318: 黑白單功能 | G1318: 營運二處 | H1318: 宜蘭部 | I1318: 宜蘭縣礁溪鄉礁溪路四段128號 | J1318: 03-9880541 | K1318: 週一至週五08:30~17:30
A1319: 1318 | B1319: BC853 | C1319: 礁溪 | D1319: L6400DW | E1319: 黑白單功能 | F1319: 黑白單功能 | G1319: 營運二處 | H1319: 宜蘭部 | I1319: 宜蘭縣礁溪鄉礁溪路四段128號 | J1319: 03-9880541 | K1319: 週一至週五08:30~17:30
A1320: 1319 | B1320: BI206 | C1320: 礁溪 | D1320: L6400DW | E1320: 黑白單功能 | F1320: 黑白單功能 | G1320: 營運二處 | H1320: 宜蘭部 | I1320: 宜蘭縣礁溪鄉礁溪路四段128號 | J1320: 03-9880541 | K1320: 週一至週五08:30~17:30
A1321: 1320 | B1321: AQ195 | C1321: 蘇澳 | D1321: L6900DW | E1321: 黑白多功能 | F1321: 黑白多功能 | G1321: 營運二處 | H1321: 宜蘭部 | I1321: 宜蘭縣蘇澳鎮中山路一段220號 | J1321: 03-9953471 | K1321: 週一至週五08:30~17:30
A1322: 1321 | B1322: BB986 | C1322: 蘇澳 | D1322: L6400DW | E1322: 黑白單功能 | F1322: 黑白單功能 | G1322: 營運二處 | H1322: 宜蘭部 | I1322: 宜蘭縣蘇澳鎮中山路一段220號 | J1322: 03-9953471 | K1322: 週一至週五08:30~17:30
A1323: 1322 | B1323: BC856 | C1323: 蘇澳 | D1323: L3750CDW | E1323: 彩色多功能 | F1323: 彩色多功能 | G1323: 營運二處 | H1323: 宜蘭部 | I1323: 宜蘭縣蘇澳鎮中山路一段220號 | J1323: 03-9953471 | K1323: 週一至週五08:30~17:30
A1324: 1323 | B1324: AQ193 | C1324: 頭城 | D1324: L3750CDW | E1324: 彩色多功能 | F1324: 彩色多功能 | G1324: 營運二處 | H1324: 宜蘭部 | I1324: 宜蘭縣頭城鎮民鋒路15號 | J1324: 03-9770439 | K1324: 週一至週五08:30~17:30
...
